id,category,raw_query,correct_query,has_typo,typo_type
1,Шины,бескамерные автошины 98h,бескамерные автошины 98h,0,none
2,Оргтехника,тонер черный rbother для мфу,тонер черный brother для мфу,1,swap_chars
3,Шины,летние автошины 225/45r17 triangle 99v,летние автошины 225/45 r17 triangle 99v,1,tire_size_format
4,Оргтехника,принтер этикеток термотрансферный brother,принтер этикеток термотрансферный brother,0,none
5,Оргтехника,монит ор ips,монитор ips,1,extra_space
6,Шины,нешипованные покрышки 225/45 r17 goodyear на солярис,нешипованные покрышки 225/45 r17 goodyear на солярис,0,none
7,Оргтехника,клавиату ра беспровдная usb,клавиатура беспроводная usb,1,delete_char+extra_space
8,Оргтехника,термопринтер bluetooth rongta,термопринтер bluetooth rongta,0,none
9,Шины,шипованные покрышки 225/55 r18 с высоким профилем,шипованные покрышки 225/55 r18 с высоким профилем,0,none
10,Одежда,шортыбелые размер xs на оснеь,шорты белые размер xs на осень,1,swap_chars+missing_space
11,Оргтехника,шредер уровень секретности p4,шредер уровень секретности p4,0,none
12,Оргтехника,копир монохромный kyo cera,копир монохромный kyocera,1,extra_space
13,Оргтехника,тoнер pan tum,тонер pantum,1,latin_mix+extra_space
14,Шины,автошины 225/45 р17 michelin 106t,автошины 225/45 r17 michelin 106t,1,tire_size_format
15,Шины,комплект шин всесезонные 225/50 р17 michelin,комплект шин всесезонные 225/50 r17 michelin,1,tire_size_format
16,Шины,легкabые покрышки 205/55 r16 91h,легковые покрышки 205/55 r16 91h,1,keyboard_neighbor+latin_mix
17,Оргтехника,фотoбарабан kyocera,фотобарабан kyocera,1,latin_mix
18,Одежда,палльто,пальто,1,double_char
19,Одежда,шаапка мужская теплая,шапка мужская теплая,1,double_char
20,Оргтехника,плодтер формата a0 epson,плоттер формата a0 epson,1,keyboard_neighbor
21,Оргтехника,ламинатор офисный cactusдля офиса,ламинатор офисный cactus для офиса,1,missing_space
22,Шины,ко мплект шин 225/50 r17 matador,комплект шин 225/50 r17 matador,1,extra_space
23,Оргтехника,веб акмера,веб камера,1,swap_chars
24,Шины,нешипованные автошины 255/55 r18,нешипованные автошины 255/55 r18,0,none
25,Оргтехника,шредер с перекрестной реской для офиса,шредер с перекрестной резкой для офиса,1,keyboard_neighbor
26,Оргтехника,фотобарабан оригинальный для мфу,фотобарабан оригинальный для мфу,0,none
27,Шины,покришки 225/55 r18 bridgestone,покрышки 225/55 r18 bridgestone,1,keyboard_neighbor
28,Одежда,спортивный костюм мужской легкий бежевый,спортивный костюм мужской легкий бежевый,0,none
29,Оргтехника,клавиатуар механическая logitech с русскими буквами,клавиатура механическая logitech с русскими буквами,1,swap_chars
30,Оргтехника,плоттер формата a1 canon imageprograf дл чертежей,плоттер формата a1 canon imageprograf для чертежей,1,delete_char
31,Одежда,шорты базовые рзоовые,шорты базовые розовые,1,swap_chars
32,Шины,комплект шин 215/60 16,комплект шин 215/60 r16,1,delete_char
33,Одежда,термобелье белое uniqlo,термобелье белое uniqlo,0,none
34,Шины,комплект шин всес езонные 205/60 r16 91h,комплект шин всесезонные 205/60 r16 91h,1,extra_space
35,Оргтехника,термопринтер настольный deli,термопринтер настольный deli,0,none
36,Шины,комплеект шин 185/65 r15 pirelli 91v,комплект шин 185/65 r15 pirelli 91v,1,double_char
37,Одежда,шарф детский розовый zarina,шарф детский розовый zarina,0,none
38,Шины,шипованные покрышки 235/55 r19 cordiant 99v,шипованные покрышки 235/55 r19 cordiant 99v,0,none
39,Шины,бекамерние автошины 235/45 r18 99v,бескамерные автошины 235/45 r18 99v,1,keyboard_neighbor+delete_char
40,Оргтехника,принтер этикеток bluetooth xprinteer,принтер этикеток bluetooth xprinter,1,double_char
41,Оргтехника,термопринтер чековый deli,термопринтер чековый deli,0,none
42,Одежда,джинсы женские офисние uniqlo,джинсы женские офисные uniqlo,1,keyboard_neighbor
43,Шины,комплект шин нешипованные 205/60 р16 hankook 91h,комплект шин нешипованные 205/60 r16 hankook 91h,1,tire_size_format
44,Одежда,пиджак женский спортивный zolla,пиджак женский спортивный zolla,0,none
45,Шины,шипованные автошины 225/45 r17 98h с усилиной боковиной,шипованные автошины 225/45 r17 98h с усиленной боковиной,1,manual_common
46,Оргтехника,мышь эргоонмичная logitech usb,мышь эргономичная logitech usb,1,swap_chars
47,Шины,резина 205/60 r16,резина 205/60 r16,0,none
48,Шины,комплект шин для внедорожнека kumho на ниву,комплект шин для внедорожника kumho на ниву,1,keyboard_neighbor
49,Оргтехника,мфу erox для дома,мфу xerox для дома,1,delete_char
50,Одежда,кардиган мужсой,кардиган мужской,1,delete_char
51,Шины,шниы 185/65 r15 на ниву,шины 185/65 r15 на ниву,1,swap_chars
52,Одежда,кардиган женский спортивныйголубой,кардиган женский спортивный голубой,1,missing_space
53,Шины,порышки 225/45 r17 с высоким профилем,покрышки 225/45 r17 с высоким профилем,1,delete_char
54,Шины,шипован ные резина 265/65 r17 goodyear,шипованные резина 265/65 r17 goodyear,1,extra_space
55,Шины,автошины 225/45 р17,автошины 225/45 r17,1,tire_size_format
56,Одежда,пальто демисезонное красное fila размер xs,пальто демисезонное красное fila размер xs,0,none
57,Шины,шины 215/60 r16 pirelli на гра нту,шины 215/60 r16 pirelli на гранту,1,extra_space
58,Оргтехника,принтер этикеток для озон,принтер этикеток для озон,0,none
59,Одежда,кедымужские,кеды мужские,1,missing_space
60,Шины,нешипованные резина 185/65 r15 kumhoна кмри,нешипованные резина 185/65 r15 kumho на камри,1,missing_space+delete_char
61,Шины,летние резина 235/45 r18 98h,летние резина 235/45 r18 98h,0,none
62,Шины,комплект шин не шипованные 225/45 r17 yokohama тихие,комплект шин нешипованные 225/45 r17 yokohama тихие,1,manual_common
63,Оргтехника,термопринтер настольный для этикеток,термопринтер настольный для этикеток,0,none
64,Шины,липучка резима 235/45 r18,липучка резина 235/45 r18,1,keyboard_neighbor
65,Одежда,леггинсы женские ooodji,леггинсы женские oodji,1,double_char
66,Шины,резина 255/55 r18 yokohama,резина 255/55 r18 yokohama,0,none
67,Одежда,худи школльное размер 50,худи школьное размер 50,1,double_char
68,Одежда,худи детское голубое размер m на каждый день,худи детское голубое размер m на каждый день,0,none
69,Оргтехника,клавиатура hp,клавиатура hp,0,none
70,Шины,runflat шины 215/55 r17 goodyear 95t,runflat шины 215/55 r17 goodyear 95t,0,none
71,Шины,нешипованные резина 205/55 r16 yokohama,нешипованные резина 205/55 r16 yokohama,0,none
72,Одежда,джинсы зеленые размер 46,джинсы зеленые размер 46,0,none
73,Одежда,ботинки децкие домашние голубые,ботинки детские домашние голубые,1,manual_common
74,Одежда,костюм детский офисный bbefree размер xs,костюм детский офисный befree размер xs,1,double_char
75,Одежда,сандалии детские zarina размер xxl,сандалии детские zarina размер xxl,0,none
76,Одежда,кеты,кеды,1,keyboard_neighbor
77,Шины,комплект шин 265/65 r17 matador 95t на кроссовер,комплект шин 265/65 r17 matador 95t на кроссовер,0,none
78,Оргтехника,мфу лазерное hp mf3010,мфу лазерное hp mf3010,0,none
79,Оргтехника,принтер струйный для документов,принтер струйный для документов,0,none
80,Оргтехника,принтр формата a4 epson,принтер формата a4 epson,1,manual_common
81,Шины,ипучка шины 175/65 r14,липучка шины 175/65 r14,1,delete_char
82,Одежда,юбка белая размер 52 для бега,юбка белая размер 52 для бега,0,none
83,Оргтехника,клавиатруа механическая с русскими буквами,клавиатура механическая с русскими буквами,1,manual_common
84,Шины,автошины 265/65 r17 coridant,автошины 265/65 r17 cordiant,1,swap_chars
85,Шины,детние покрышки 265/65 r17 matador,летние покрышки 265/65 r17 matador,1,keyboard_neighbor
86,Оргтехника,проектор,проектор,0,none
87,Одежда,шапка детскaя розовая puma размер 42,шапка детская розовая puma размер 42,1,latin_mix
88,Оргтехника,копир форма та a4 ecosys,копир формата a4 ecosys,1,extra_space
89,Оргтехника,принтер этикеток xprinter,принтер этикеток xprinter,0,none
90,Шины,покрышки goodyear,покрышки goodyear,0,none
91,Оргтехника,плоттер широкофформатный,плоттер широкоформатный,1,double_char
92,Одежда,ветровка мужска офисная,ветровка мужская офисная,1,delete_char
93,Оргтехника,картридж черный pantum,картридж черный pantum,0,none
94,Шины,поркышки 255/55 r18,покрышки 255/55 r18,1,swap_chars
95,Одежда,джинсы мужcкие офисные,джинсы мужские офисные,1,latin_mix
96,Шины,runflat автошины 99v,runflat автошины 99v,0,none
97,Оргтехника,веб камера ddell,веб камера dell,1,double_char
98,Оргтехника,сканер планшетный hp workforce,сканер планшетный hp workforce,0,none
99,Оргтехника,картридж лазерный с чипом,картридж лазерный с чипом,0,none
100,Одежда,брюки женские офисные коричневые uniql размер 44,брюки женские офисные коричневые uniqlo размер 44,1,delete_char
101,Одежда,кроссовки офис ные,кроссовки офисные,1,extra_space
102,Одежда,ошрты детские размер 48,шорты детские размер 48,1,swap_chars
103,Шины,покрыгки 205/60 r16 на камри,покрышки 205/60 r16 на камри,1,keyboard_neighbor
104,Оргтехника,принтер лазерныйepson pixma,принтер лазерный epson pixma,1,missing_space
105,Оргтехника,фотобарабан оригинальный dr-2401,фотобарабан оригинальный dr-2401,0,none
106,Одежда,пиджак детский голубой gloria jeans,пиджак детский голубой gloria jeans,0,none
107,Шины,летние покрышки 175/65 r14 hankook,летние покрышки 175/65 r14 hankook,0,none
108,Оргтехника,монитор 24 дюйма acer,монитор 24 дюйма acer,0,none
109,Оргтехника,фотобарабан оригинальный для принтера,фотобарабан оригинальный для принтера,0,none
110,Оргтехника,тонер черный cactus,тонер черный cactus,0,none
111,Шины,автошины 215/55 r17,автошины 215/55 r17,0,none
112,Оргтехника,мышь офиcная a4tech,мышь офисная a4tech,1,latin_mix
113,Оргтехника,лопир офисный ricoh,копир офисный ricoh,1,keyboard_neighbor
114,Шины,шины 245/45 r18 con tinental с усиленной боковиной,шины 245/45 r18 continental с усиленной боковиной,1,extra_space
115,Одежда,свитшот мужской зеленый outventure для тренировок,свитшот мужской зеленый outventure для тренировок,0,none
116,Одежда,платье размерl,платье размер l,1,missing_space
117,Шины,runflat резина 235/45 р18,runflat резина 235/45 r18,1,tire_size_format
118,Оргтехника,тонерчерный,тонер черный,1,missing_space
119,Шины,автошины 225/50 r17 cordiant с усиленной боковиной,автошины 225/50 r17 cordiant с усиленной боковиной,0,none
120,Шины,нешипоbанные покрышки tigar на камри,нешипованные покрышки tigar на камри,1,latin_mix
121,Шины,коомплект шин для внедорожника 195/65r15 triangle,комплект шин для внедорожника 195/65 r15 triangle,1,double_char+missing_space
122,Оргтехника,прокетор,проектор,1,swap_chars
123,Одежда,футболка женскаая nike на каждый день,футболка женская nike на каждый день,1,double_char
124,Оргтехника,клавиатура,клавиатура,0,none
125,Шины,комплект шин 205/60 r16 triangle на кроссовер,комплект шин 205/60 r16 triangle на кроссовер,0,none
126,Одежда,ботинки женские коричневые размер 46,ботинки женские коричневые размер 46,0,none
127,Одежда,кос тюм размер xxl,костюм размер xxl,1,extra_space
128,Оргтехника,проектор для презентаций,проектор для презентаций,0,none
129,Шины,всесезонные автошины 235/55r19 bridgestone,всесезонные автошины 235/55 r19 bridgestone,1,tire_size_format
130,Шины,всесезонные авташины 185/65 r15,всесезонные автошины 185/65 r15,1,keyboard_neighbor
131,Одежда,лонгслив мужской офисный размер xl для тренировок,лонгслив мужской офисный размер xl для тренировок,0,none
132,Шины,легковые автошины 205/60 r16 cordiant,легковые автошины 205/60 r16 cordiant,0,none
133,Одежда,рубашка размкр xxl на осень,рубашка размер xxl на осень,1,manual_common
134,Шины,комплект шин 205/60 r16 via tti с высоким профилем,комплект шин 205/60 r16 viatti с высоким профилем,1,extra_space
135,Шины,резина 175 65 r14 hanko ok,резина 175/65 r14 hankook,1,tire_size_format+extra_space
136,Шины,легковые автошины 195/65 r15,легковые автошины 195/65 r15,0,none
137,Одежда,перчатки детские fila размкр 42 на каждый день,перчатки детские fila размер 42 на каждый день,1,manual_common
138,Оргтехника,плоттер струйный canon,плоттер струйный canon,0,none
139,Оргтехника,мфу цветное xerox laserjet,мфу цветное xerox laserjet,0,none
140,Оргтехника,вебкамера офисная,веб камера офисная,1,missing_space
141,Шины,всесезонные автошины 195 65 r15 99v,всесезонные автошины 195/65 r15 99v,1,tire_size_format
142,Одежда,юбка fila разнер xl,юбка fila размер xl,1,keyboard_neighbor
143,Шины,нешипованные резина 185/65 r15 98h,нешипованные резина 185/65 r15 98h,0,none
144,Шины,резина 235/45 r18,резина 235/45 r18,0,none
145,Шины,для внедорожника резина 215 55 r17 95t,для внедорожника резина 215/55 r17 95t,1,tire_size_format
146,Шины,автошины,автошины,0,none
147,Оргтехника,тернoпринтер xprinter для маркетплейса,термопринтер xprinter для маркетплейса,1,keyboard_neighbor+latin_mix
148,Одежда,свитер мужской demix для тренировок,свитер мужской demix для тренировок,0,none
149,Шины,для внедорожника шины 205/60 r16 bridgestone,для внедорожника шины 205/60 r16 bridgestone,0,none
150,Шины,для внедрожника резина 225/50 r17 hankook,для внедорожника резина 225/50 r17 hankook,1,delete_char
151,Шины,рез ина 215/55 r17 99v,резина 215/55 r17 99v,1,extra_space
152,Шины,летниешины 235/45 r18 yokohama,летние шины 235/45 r18 yokohama,1,missing_space
153,Одежда,рубашка базовая на зиму,рубашка базовая на зиму,0,none
154,Одежда,топ женсский домашний outventure размер 48,топ женский домашний outventure размер 48,1,double_char
155,Шины,для внедорожника шины 245/45 r18 continental на солярис,для внедорожника шины 245/45 r18 continental на солярис,0,none
156,Одежда,шапkа легкая размер m,шапка легкая размер m,1,latin_mix
157,Оргтехника,шердер,шредер,1,swap_chars
158,Шины,липучка автошины 235/55 r19kumho 94v,липучка автошины 235/55 r19 kumho 94v,1,missing_space
159,Одежда,джынсы женские размер 50 на зиму,джинсы женские размер 50 на зиму,1,manual_common
160,Оргтехника,клавиатура механическая с русскими буквами,клавиатура механическая с русскими буквами,0,none
161,Одежда,пальто женское синее размер 46,пальто женское синее размер 46,0,none
162,Шины,runflat автошины 195/65 r15,runflat автошины 195/65 r15,0,none
163,Шины,легковые поркышки 255/55 r18,легковые покрышки 255/55 r18,1,swap_chars
164,Шины,комплект шин 215/55 r17 yokohama,комплект шин 215/55 r17 yokohama,0,none
165,Шины,покрышки 235/45 р18 nokian,покрышки 235/45 r18 nokian,1,tire_size_format
166,Шины,комплектшин летние 215/55 r17 94v,комплект шин летние 215/55 r17 94v,1,missing_space
167,Оргтехника,ламенатор brauberg,ламинатор brauberg,1,manual_common
168,Одежда,шапкасиняя outventure с капюшоном,шапка синяя outventure с капюшоном,1,missing_space
169,Шины,комплект шин 195/65 r15 nokiaan 91h,комплект шин 195/65 r15 nokian 91h,1,double_char
170,Оргтехника,веб камера full hd dell,веб камера full hd dell,0,none
171,Одежда,кроссовки мужские домашние розовые,кроссовки мужские домашние розовые,0,none
172,Одежда,кардиагн детский,кардиган детский,1,swap_chars
173,Оргтехника,веб камреа для конференций,веб камера для конференций,1,swap_chars
174,Оргтехника,копир цифровойkyocerra с автоподачей,копир цифровой kyocera с автоподачей,1,double_char+missing_space
175,Шины,для внедорожника шины 265/65 r17 95t,для внедорожника шины 265/65 r17 95t,0,none
176,Шины,автошиы 245/45 r18 hankook,автошины 245/45 r18 hankook,1,delete_char
177,Оргтехника,принтер двустороhний pixma,принтер двусторонний pixma,1,latin_mix
178,Шины,покрышки 265/65 r17 cordiant,покрышки 265/65 r17 cordiant,0,none
179,Одежда,ашпка зеленая размер 42 с капюшоном,шапка зеленая размер 42 с капюшоном,1,swap_chars
180,Шины,компплект шин 205/55 r16 99v,комплект шин 205/55 r16 99v,1,double_char
181,Шины,легковые автошины 175/65 14 nokian 94v,легковые автошины 175/65 r14 nokian 94v,1,delete_char
182,Оргтехника,фотобарабан совместимый pantum для принтера,фотобарабан совместимый pantum для принтера,0,none
183,Шины,runflat автошины 185/65 р15,runflat автошины 185/65 r15,1,tire_size_format
184,Оргтехника,проектор офисный xiaomi,проектор офисный xiaomi,0,none
185,Одежда,санд алии синие oodji размер 52,сандалии синие oodji размер 52,1,extra_space
186,Шины,летниепокрышки,летние покрышки,1,missing_space
187,Одежда,пиджак детский,пиджак детский,0,none
188,Оргтехника,веб камера dell для офиса,веб камера dell для офиса,0,none
189,Одежда,толстовка мужская раземр 42,толстовка мужская размер 42,1,swap_chars
190,Одежда,шапкадетская демисезонная,шапка детская демисезонная,1,missing_space
191,Одежда,рубашкa outventure,рубашка outventure,1,latin_mix
192,Оргтехника,принтер этикеток bluetooth rongta,принтер этикеток bluetooth rongta,0,none
193,Одежда,шорты мужские oodji,шорты мужские oodji,0,none
194,Одежда,пиджак,пиджак,0,none
195,Одежда,брюки мужские споривные columbia на молнии,брюки мужские спортивные columbia на молнии,1,delete_char
196,Шины,легковые автошины 205/60r16,легковые автошины 205/60 r16,1,missing_space
197,Одежда,плaтье,платье,1,latin_mix
198,Одежда,шапка детская розовая размер 54,шапка детская розовая размер 54,0,none
199,Оргтехника,ммфу офисное wifi,мфу офисное wifi,1,double_char
200,Оргтехника,оммитор ips с hdmi,монитор ips с hdmi,1,swap_chars+keyboard_neighbor
201,Оргтехника,монитор full hd lg с ddisplayport,монитор full hd lg с displayport,1,double_char
202,Оргтехника,копир ca non для офиса,копир canon для офиса,1,extra_space
203,Оргтехника,плоттер hp des ignjet,плоттер hp designjet,1,extra_space
204,Одежда,перчатки мужские размер 42 для офиса,перчатки мужские размер 42 для офиса,0,none
205,Оргтехника,монитор 24 дю йма asmsung,монитор 24 дюйма samsung,1,swap_chars+extra_space
206,Шины,зимние автошины 265/65 r17 goodyear на ниву,зимние автошины 265/65 r17 goodyear на ниву,0,none
207,Шины,шины 235/45 18 hankook на камри,шины 235/45 r18 hankook на камри,1,delete_char
208,Оргтехника,принтерр этикеток,принтер этикеток,1,double_char
209,Шины,шыны 265/65 r17 viaatti,шины 265/65 r17 viatti,1,manual_common+double_char
210,Одежда,шорты мужские раземр 50,шорты мужские размер 50,1,swap_chars
211,Шины,ризина 215/55 r17 triangle 91h на кроссовер,резина 215/55 r17 triangle 91h на кроссовер,1,manual_common
212,Оргтехника,проектор full hd для офиса,проектор full hd для офиса,0,none
213,Оргтехника,термопринтер чековый xprinter,термопринтер чековый xprinter,0,none
214,Одежда,перчатки детские домашние,перчатки детские домашние,0,none
215,Шины,автошин 265/65 r17 kumho,автошины 265/65 r17 kumho,1,delete_char
216,Одежда,ветровка детская серая befree,ветровка детская серая befree,0,none
217,Одежда,толстовка школьная голубая размер xs,толстовка школьная голубая размер xs,0,none
218,Оргтехника,копир цифрoвой,копир цифровой,1,latin_mix
219,Оргтехника,копир формата a3 kyocera imageclass,копир формата a3 kyocera imageclass,0,none
220,Шины,для bнедорожника автошины 91v с высоким профилем,для внедорожника автошины 91v с высоким профилем,1,latin_mix
221,Одежда,перчатки женcкие зимние,перчатки женские зимние,1,latin_mix
222,Шины,резина 175/65 r14 cordiant с усиленhой боковиной,резина 175/65 r14 cordiant с усиленной боковиной,1,latin_mix
223,Оргтехника,картридж цвеной hp,картридж цветной hp,1,delete_char
224,Одежда,носки женские земние бежевые,носки женские зимние бежевые,1,keyboard_neighbor
225,Шины,покрышки 175/65 r14 kumho 94v,покрышки 175/65 r14 kumho 94v,0,none
226,Оргтехника,шредер,шредер,0,none
227,Одежда,термобелье коричневое uniqlo размер xxl,термобелье коричневое uniqlo размер xxl,0,none
228,Оргтехника,мву wifi,мфу wifi,1,keyboard_neighbor
229,Оргтехника,проектор led xiaomi для презентаций,проектор led xiaomi для презентаций,0,none
230,Оргтехника,проектор xiaomi,проектор xiaomi,0,none
231,Шины,нешипованые резина215/60 r16,нешипованные резина 215/60 r16,1,manual_common+missing_space
232,Шины,для внедорожника покрышки 215/55 r17 ogodyear,для внедорожника покрышки 215/55 r17 goodyear,1,swap_chars
233,Шины,компплект шин нешипованные 235/55 r19,комплект шин нешипованные 235/55 r19,1,double_char
234,Одежда,спортивный ко стюм мужской,спортивный костюм мужской,1,extra_space
235,Оргтехника,копир формата a3 сетевой,копир формата a3 сетевой,0,none
236,Оргтехника,шредеп,шредер,1,keyboard_neighbor
237,Шины,бескамерне резина 235 55 r19 недорогие,бескамерные резина 235/55 r19 недорогие,1,tire_size_format+delete_char
238,Оргтехника,картридж цветной eson,картридж цветной epson,1,delete_char
239,Одежда,юбка жeнская школьная голубая,юбка женская школьная голубая,1,latin_mix
240,Одежда,шорты базовые gloria jeans,шорты базовые gloria jeans,0,none
241,Шины,летние автошины 205/55 r16,летние автошины 205/55 r16,0,none
242,Шины,комплект шин нешипованные 215/60 r16,комплект шин нешипованные 215/60 r16,0,none
243,Одежда,пуховик детский офисный черний без принта,пуховик детский офисный черный без принта,1,keyboard_neighbor
244,Одежда,апль то мужское fila размер xxl,пальто мужское fila размер xxl,1,swap_chars+extra_space
245,Одежда,кроссовки детские школьные,кроссовки детские школьные,0,none
246,Оргтехника,принтер фформата a4 xerox,принтер формата a4 xerox,1,double_char
247,Одежда,шарф женский размер 48,шарф женский размер 48,0,none
248,Шины,всесезонные покрышки 245/45r18 98h на камри,всесезонные покрышки 245/45 r18 98h на камри,1,tire_size_format
249,Шины,липучка шины 205/60 r16 hankoook,липучка шины 205/60 r16 hankook,1,double_char
250,Одежда,куртка женская белая,куртка женская белая,0,none
251,Одежда,рубашка детская легкая размер 48 на молнии,рубашка детская легкая размер 48 на молнии,0,none
252,Одежда,перчатки женские зеленые размер 46,перчатки женские зеленые размер 46,0,none
253,Шины,покрышки 265/65 r17 ti gar,покрышки 265/65 r17 tigar,1,extra_space
254,Шины,нешипованные автошины 225/45 r17 michelin,нешипованные автошины 225/45 r17 michelin,0,none
255,Одежда,паальто серое,пальто серое,1,double_char
256,Одежда,леггинсы размер 50,леггинсы размер 50,0,none
257,Шины,runflat покрышки 185/65 r15,runflat покрышки 185/65 r15,0,none
258,Оргтехника,монитор acer,монитор acer,0,none
259,Оргтехника,термопринтеер usb deli,термопринтер usb deli,1,double_char
260,Шины,runflat резина 255/55 r18,runflat резина 255/55 r18,0,none
261,Одежда,пиджак че рный,пиджак черный,1,extra_space
262,Шины,комплект шин легковые 225/45 р17 nokian,комплект шин легковые 225/45 r17 nokian,1,tire_size_format
263,Одежда,перчаткии,перчатки,1,double_char
264,Оргтехника,проектор led epson,проектор led epson,0,none
265,Одежда,толстовка коринеевая,толстовка коричневая,1,double_char+delete_char
266,Шины,легковые шины 205/60 r16kumho на ниву,легковые шины 205/60 r16 kumho на ниву,1,missing_space
267,Оргтехника,момитор full hd с displayport,монитор full hd с displayport,1,keyboard_neighbor
268,Одежда,пальто детск ое школьное синее на молнии,пальто детское школьное синее на молнии,1,extra_space
269,Одежда,ветровка детская zarina размер 44 на каждый день,ветровка детская zarina размер 44 на каждый день,0,none
270,Одежда,свитшот детскй befree,свитшот детский befree,1,delete_char
271,Шины,комплект шин летнии nokian,комплект шин летние nokian,1,manual_common
272,Оргтехника,фотобарабан оригинальный pantum для принтера,фотобарабан оригинальный pantum для принтера,0,none
273,Одежда,кардиган белый demix,кардиган белый demix,0,none
274,Оргтехника,принтер этикетак термотрансферный deli для озон,принтер этикеток термотрансферный deli для озон,1,manual_common
275,Одежда,прчаткишкольные без принта,перчатки школьные без принта,1,missing_space+delete_char
276,Одежда,костюм детскийoodji,костюм детский oodji,1,missing_space
277,Оргтехника,термопринтерчековый xprinter,термопринтер чековый xprinter,1,missing_space
278,Оргтехника,термопринтер настольный xprinter для этикеток,термопринтер настольный xprinter для этикеток,0,none
279,Одежда,термобель зимнее черное adidas для школы,термобелье зимнее черное adidas для школы,1,delete_char
280,Одежда,кроссовки белые размер52,кроссовки белые размер 52,1,missing_space
281,Шины,нешипованные покрышки 185/65 r15,нешипованные покрышки 185/65 r15,0,none
282,Оргтехника,плоттре формата a0 designjet,плоттер формата a0 designjet,1,swap_chars
283,Оргтехника,фотобарабан brother,фотобарабан brother,0,none
284,Оргтехника,проектор с wifi для презентаций,проектор с wifi для презентаций,0,none
285,Шины,нешипованные резина 255/55 r18 94v,нешипованные резина 255/55 r18 94v,0,none
286,Оргтехника,принтер двусторонний xerox g3411 для документов,принтер двусторонний xerox g3411 для документов,0,none
287,Оргтехника,моннитор ips acer,монитор ips acer,1,double_char
288,Одежда,падто мужское розовое размер 46,пальто мужское розовое размер 46,1,keyboard_neighbor+delete_char
289,Оргтехника,рпинтер этикеток,принтер этикеток,1,swap_chars
290,Оргтехника,сканер протяжмый canon,сканер протяжный canon,1,keyboard_neighbor
291,Оргтехника,сланер планшетный canon imageclass для документов,сканер планшетный canon imageclass для документов,1,keyboard_neighbor
292,Одежда,худи ленее,худи летнее,1,delete_char
293,Шины,комплект шин зимние 205/60 r16 crodiant,комплект шин зимние 205/60 r16 cordiant,1,swap_chars
294,Одежда,спортивныйкостюм детский базовый размер s для подростка,спортивный костюм детский базовый размер s для подростка,1,missing_space
295,Оргтехника,каpтридж совмеcтимый pg-445 без чипа,картридж совместимый pg-445 без чипа,1,latin_mix
296,Оргтехника,кoпир,копир,1,latin_mix
297,Одежда,футболка мужская размер 46,футболка мужская размер 46,0,none
298,Оргтехника,мфу лазерное kyocera сдуплексом,мфу лазерное kyocera с дуплексом,1,missing_space
299,Одежда,худи детскоеофисное puma размер l,худи детское офисное puma размер l,1,missing_space
300,Оргтехника,сканнер epson,сканер epson,1,manual_common
301,Шины,летние шины 185/65 r15 98h на грранту,летние шины 185/65 r15 98h на гранту,1,double_char
302,Одежда,ветровка мужская размер 42 для подростка,ветровка мужская размер 42 для подростка,0,none
303,Оргтехника,принтер струиныиg3411,принтер струйный g3411,1,manual_common+missing_space
304,Шины,автошины 255/55 r18 cordiantt,автошины 255/55 r18 cordiant,1,double_char
305,Шины,бескамерные покрышки 245/45 р18 matador,бескамерные покрышки 245/45 r18 matador,1,tire_size_format
306,Одежда,пуховик женский спортивный розовый,пуховик женский спортивный розовый,0,none
307,Одежда,перчатки жен ские fila размер xxl на молнии,перчатки женские fila размер xxl на молнии,1,extra_space
308,Одежда,рубaшка спортивная размер 48,рубашка спортивная размер 48,1,latin_mix
309,Оргтехника,веб камера defender,веб камера defender,0,none
310,Шины,летние шины 235/55 r19 tigar 94v с усиленной боковиной,летние шины 235/55 r19 tigar 94v с усиленной боковиной,0,none
311,Шины,комплект шин runflat 215/55 р17 91h,комплект шин runflat 215/55 r17 91h,1,tire_size_format
312,Одежда,носки женские утепленные columbia рзамер xxl,носки женские утепленные columbia размер xxl,1,swap_chars
313,Одежда,толстовка детская красная размер xl,толстовка детская красная размер xl,0,none
314,Одежда,платье женс кое белое размер s,платье женское белое размер s,1,extra_space
315,Одежда,шапка школьная розовая,шапка школьная розовая,0,none
316,Шины,бескамерные шины 225/55 r18 pirelli,бескамерные шины 225/55 r18 pirelli,0,none
317,Оргтехника,мышь пр оводная defender для офиса,мышь проводная defender для офиса,1,extra_space
318,Одежда,шорты детские утепленные синие gloria jeans размер 54,шорты детские утепленные синие gloria jeans размер 54,0,none
319,Шины,липучка шыны hankook 95t на камри,липучка шины hankook 95t на камри,1,manual_common
320,Оргтехника,картриджcl-446 дляпринтера,картридж cl-446 для принтера,1,missing_space+missing_space
321,Шины,комплекt шин неишпованные 195/65 r15 hankook,комплект шин нешипованные 195/65 r15 hankook,1,latin_mix+swap_chars
322,Одежда,брюки,брюки,0,none
323,Одежда,шорты детские базoвыefila размер l,шорты детские базовые fila размер l,1,missing_space+latin_mix
324,Шины,липуччка резина 225/50 r17 hankook 95t,липучка резина 225/50 r17 hankook 95t,1,double_char
325,Шины,липучка автош ны 225/55 r18,липучка автошины 225/55 r18,1,delete_char+extra_space
326,Одежда,пуховик дет ский белый,пуховик детский белый,1,extra_space
327,Оргтехника,сканер imagecllass,сканер imageclass,1,double_char
328,Шины,авттошины 185/65 r15,автошины 185/65 r15,1,double_char
329,Шины,для внедорожник покрышки 235/45 r18 pirelli,для внедорожника покрышки 235/45 r18 pirelli,1,delete_char
330,Одежда,ботинки мужске,ботинки мужские,1,delete_char
331,Оргтехника,копирecosys,копир ecosys,1,missing_space
332,Шины,автошины 185/65 r15 kumho,автошины 185/65 r15 kumho,0,none
333,Одежда,брюки женские утипленные для офиса,брюки женские утепленные для офиса,1,keyboard_neighbor
334,Шины,летние авташины 175/65r14 yokohama,летние автошины 175/65 r14 yokohama,1,tire_size_format+keyboard_neighbor
335,Оргтехника,веб кам ера,веб камера,1,extra_space
336,Одежда,пуховик коричневый befree размер 54,пуховик коричневый befree размер 54,0,none
337,Одежда,носки мужские adiddas,носки мужские adidas,1,double_char
338,Оргтехника,шредер урове нь секретности p4 с гарантией,шредер уровень секретности p4 с гарантией,1,extra_space
339,Оргтехника,сканер с автоподачей brother,сканер с автоподачей brother,0,none
340,Шины,для внедорожнка покрышки 205/60 r16,для внедорожника покрышки 205/60 r16,1,delete_char
341,Одежда,футбалка мужская оглубая,футболка мужская голубая,1,swap_chars+keyboard_neighbor
342,Оргтехника,тон ер черный hp,тонер черный hp,1,extra_space
343,Оргтехника,ламинатор офисныйdeli,ламинатор офисный deli,1,missing_space
344,Шины,шипованные покрышки 175/65r14 kumho,шипованные покрышки 175/65 r14 kumho,1,tire_size_format
345,Оргтехника,мышь офисная logitech,мышь офисная logitech,0,none
346,Одежда,брюки мужские спортивные adidas,брюки мужские спортивные adidas,0,none
347,Оргтехника,tермопринтер настольный для этикеток,термопринтер настольный для этикеток,1,latin_mix
348,Оргтехника,ламенатор офисный cactus для офиса,ламинатор офисный cactus для офиса,1,manual_common
349,Шины,резина 225/55r18 102h,резина 225/55 r18 102h,1,missing_space
350,Оргтехника,ламинатор фрмата a3,ламинатор формата a3,1,delete_char
351,Одежда,джинсы домашниебелые размер s,джинсы домашние белые размер s,1,missing_space
352,Оргтехника,ламинатро формата a4,ламинатор формата a4,1,swap_chars
353,Одежда,сандалии детские серые размер 46 с принтом,сандалии детские серые размер 46 с принтом,0,none
354,Шины,комлект шин легковые 225/55 r18 bridgestone 98h,комплект шин легковые 225/55 r18 bridgestone 98h,1,delete_char
355,Шины,runflat резина 225 45 r17 michelin,runflat резина 225/45 r17 michelin,1,tire_size_format
356,Оргтехника,принтер монохромный ky ocera,принтер монохромный kyocera,1,extra_space
357,Оргтехника,тонер черный cactus для мфу,тонер черный cactus для мфу,0,none
358,Одежда,шорты коричневые размер 48 для бега,шорты коричневые размер 48 для бега,0,none
359,Оргтехника,мышь эргономичная logitech usb,мышь эргономичная logitech usb,0,none
360,Оргтехника,веб камера для видеосвязи hp,веб камера для видеосвязи hp,0,none
361,Шины,покришки 245/45 r18,покрышки 245/45 r18,1,manual_common
362,Оргтехника,термопринтр,термопринтер,1,manual_common
363,Одежда,лонгсливчерный без принта,лонгслив черный без принта,1,missing_space
364,Одежда,пухавик детский размер 52,пуховик детский размер 52,1,manual_common
365,Шины,комплект шин зимние 245/45r18 91v,комплект шин зимние 245/45 r18 91v,1,tire_size_format
366,Оргтехника,плоттер цветной с wifi,плоттер цветной с wifi,0,none
367,Оргтехника,плоттер формата a1 epsonn designjet,плоттер формата a1 epson designjet,1,double_char
368,Шины,шипованные резино 225/45 r17,шипованные резина 225/45 r17,1,keyboard_neighbor
369,Оргтехника,ламинатро для документов,ламинатор для документов,1,swap_chars
370,Одежда,шорты мужские офисные gloria jeans размкр 54,шорты мужские офисные gloria jeans размер 54,1,manual_common
371,Одежда,кеды женские,кеды женские,0,none
372,Одежда,пуховик офисний размер 42 без принта,пуховик офисный размер 42 без принта,1,keyboard_neighbor
373,Шины,шины 255/55 r18 continental 106t,шины 255/55 r18 continental 106t,0,none
374,Оргтехника,картридж оригинальный cf283a,картридж оригинальный cf283a,0,none
375,Одежда,костюм жеhский голубой с капюшоном,костюм женский голубой с капюшоном,1,latin_mix
376,Оргтехника,сканер формата a4 для документов,сканер формата a4 для документов,0,none
377,Одежда,кардиганмужской,кардиган мужской,1,missing_space
378,Одежда,костюм детский,костюм детский,0,none
379,Одежда,шапка децкая офисная зеленая,шапка детская офисная зеленая,1,manual_common
380,Шины,зимние полрышки 265/65 r17 viatti,зимние покрышки 265/65 r17 viatti,1,keyboard_neighbor
381,Оргтехника,mонитор 27 дюймов с hdmi,монитор 27 дюймов с hdmi,1,latin_mix
382,Одежда,леггинсы детские демисезонные fila для офиса,леггинсы детские демисезонные fila для офиса,0,none
383,Одежда,леггинсы детские школьные,леггинсы детские школьные,0,none
384,Оргтехника,лаинатор,ламинатор,1,delete_char
385,Оргтехника,сканeр xerox для офиса,сканер xerox для офиса,1,latin_mix
386,Оргтехника,принтер этикеток,принтер этикеток,0,none
387,Шины,летние шины 215/60 r16 goodyeaar для трассы,летние шины 215/60 r16 goodyear для трассы,1,double_char
388,Шины,комплект шин легковые 225/55 r18 continenatl 106t,комплект шин легковые 225/55 r18 continental 106t,1,swap_chars
389,Шины,покрышки 205/55 r16 неддорогие,покрышки 205/55 r16 недорогие,1,double_char
390,Одежда,курткаженская,куртка женская,1,missing_space
391,Шины,комплект шин летние 245/45 r18,комплект шин летние 245/45 r18,0,none
392,Шины,коmплект шин легковые 225/45 r17 нa гранту,комплект шин легковые 225/45 r17 на гранту,1,latin_mix+latin_mix
393,Шины,липучка автошины 245/45 r18 102h,липучка автошины 245/45 r18 102h,0,none
394,Оргтехника,мониитор 2k aoc,монитор 2k aoc,1,double_char
395,Шины,комплект шин 195/65 р15 95t на гранту,комплект шин 195/65 r15 95t на гранту,1,tire_size_format
396,Одежда,юбка женска,юбка женская,1,manual_common
397,Оргтехника,ламинатор формата a3 cactus,ламинатор формата a3 cactus,0,none
398,Шины,runflat шини 195/65 r15 bridgestone тихие,runflat шины 195/65 r15 bridgestone тихие,1,keyboard_neighbor
399,Шины,автоины 195/65 r15 102h,автошины 195/65 r15 102h,1,delete_char
400,Одежда,термобелье детское красное uniqlo размер 50,термобелье детское красное uniqlo размер 50,0,none
401,Одежда,дермобелье детс кое zolla,термобелье детское zolla,1,keyboard_neighbor+extra_space
402,Одежда,термобель мужское офисное zolla,термобелье мужское офисное zolla,1,delete_char
403,Шины,покры шки 235/45 r18 102h,покрышки 235/45 r18 102h,1,extra_space
404,Оргтехника,моонитор 24 дюйма,монитор 24 дюйма,1,double_char
405,Оргтехника,принтир этикеток настольный rongta,принтер этикеток настольный rongta,1,keyboard_neighbor
406,Одежда,свитшот школьный красный zolla размер 48 на каждый день,свитшот школьный красный zolla размер 48 на каждый день,0,none
407,Оргтехника,ввеб камера офисна,веб камера офисная,1,double_char+delete_char
408,Шины,шины kumho,шины kumho,0,none
409,Одежда,юбка деткая шшкольная,юбка детская школьная,1,delete_char+double_char
410,Одежда,перчатки белые разм ер 42,перчатки белые размер 42,1,extra_space
411,Оргтехника,тонероригинальный,тонер оригинальный,1,missing_space
412,Шины,всесе зонные овтошины 98h на кроссовер,всесезонные автошины 98h на кроссовер,1,extra_space+keyboard_neighbor
413,Одежда,брюки школьные размер 44,брюки школьные размер 44,0,none
414,Оргтехника,принтер этикеток bluetooth deli для вайлдберриз,принтер этикеток bluetooth deli для вайлдберриз,0,none
415,Оргтехника,мышь проводная defender для офиcа,мышь проводная defender для офиса,1,latin_mix
416,Оргтехника,проекtоp с wifi benq,проектор с wifi benq,1,latin_mix
417,Шины,покрышки 235/45 r18 hankook 94v для трассы,покрышки 235/45 r18 hankook 94v для трассы,0,none
418,Шины,летние покрышки 235/45 r18 continental,летние покрышки 235/45 r18 continental,0,none
419,Шины,покрышшки 175/65 r14 michelin 106t для трассы,покрышки 175/65 r14 michelin 106t для трассы,1,double_char
420,Шины,зимние резина 255/55 r18hankook тихие,зимние резина 255/55 r18 hankook тихие,1,missing_space
421,Одежда,пиджак детский размер l,пиджак детский размер l,0,none
422,Оргтехника,проектор benq для офиса,проектор benq для офиса,0,none
423,Шины,не шипованные резина 185/65 r15 michelin 102h,нешипованные резина 185/65 r15 michelin 102h,1,manual_common
424,Шины,комплект шин всис езонные 195/65 r15 continental,комплект шин всесезонные 195/65 r15 continental,1,extra_space+keyboard_neighbor
425,Одежда,пиджак женски размер 52,пиджак женский размер 52,1,manual_common
426,Шины,runflat покрышки 225/55 р18 tigar,runflat покрышки 225/55 r18 tigar,1,tire_size_format
427,Одежда,хyди женское для oфиса,худи женское для офиса,1,latin_mix
428,Шины,летние шины 235/55 r19 pirelli,летние шины 235/55 r19 pirelli,0,none
429,Одежда,шо рты,шорты,1,extra_space
430,Одежда,лонгслив nike для бего,лонгслив nike для бега,1,keyboard_neighbor
431,Шины,нешипоованные шины 235/55 r19 на камри,нешипованные шины 235/55 r19 на камри,1,double_char
432,Одежда,пиджак женскйи nike,пиджак женский nike,1,swap_chars
433,Оргтехника,монитор24 дюйма aoc,монитор 24 дюйма aoc,1,missing_space
434,Одежда,ветровка жeнскaя demix размер 52,ветровка женская demix размер 52,1,latin_mix
435,Шины,липучка резина 175/65 r14 cordiant,липучка резина 175/65 r14 cordiant,0,none
436,Оргтехника,копир офисный сетевой,копир офисный сетевой,0,none
437,Оргтехника,прoектор,проектор,1,latin_mix
438,Одежда,шапка домашняя розовая размер 46,шапка домашняя розовая размер 46,0,none
439,Оргтехника,монитор офисный acer,монитор офисный acer,0,none
440,Оргтехника,сканер brtoher wifi,сканер brother wifi,1,swap_chars
441,Шины,летние покрышки 215/60 r16 106t недоорогие,летние покрышки 215/60 r16 106t недорогие,1,double_char
442,Одежда,юбка голбая размер xl,юбка голубая размер xl,1,delete_char
443,Оргтехника,мышь,мышь,0,none
444,Одежда,перчатки мужские летние бежевые для подростка,перчатки мужские летние бежевые для подростка,0,none
445,Одежда,толстовка мужсkая nike,толстовка мужская nike,1,latin_mix
446,Оргтехника,мышь эргономичая bluetooth,мышь эргономичная bluetooth,1,delete_char
447,Оргтехника,картридж xreox,картридж xerox,1,swap_chars
448,Шины,зимние автошины 235/45 r18 tigar,зимние автошины 235/45 r18 tigar,0,none
449,Шины,runflat шины 98h на кроссовер,runflat шины 98h на кроссовер,0,none
450,Шины,липучка шины vi atti 106t на камри,липучка шины viatti 106t на камри,1,extra_space
451,Оргтехника,проектро epson,проектор epson,1,swap_chars
452,Одежда,толстовка детская розовая без принта,толстовка детская розовая без принта,0,none
453,Одежда,толстовка женс кая утепленная розоваябез принта,толстовка женская утепленная розовая без принта,1,missing_space+extra_space
454,Оргтехника,проектор офисный acer для офиса,проектор офисный acer для офиса,0,none
455,Одежда,пальто размер 52,пальто размер 52,0,none
456,Одежда,джинсы коричневые adidas для школы,джинсы коричневые adidas для школы,0,none
457,Оргтехника,плоттер стpуйный,плоттер струйный,1,latin_mix
458,Одежда,термобелье детское школьное бежевое размер s,термобелье детское школьное бежевое размер s,0,none
459,Оргтехника,принтер pantum,принтер pantum,0,none
460,Шины,резина225/50 r17,резина 225/50 r17,1,missing_space
461,Оргтехника,мноитор dell для офиса,монитор dell для офиса,1,swap_chars
462,Шины,резина 95t на гранту,резина 95t на гранту,0,none
463,Одежда,шорты децкие на осень,шорты детские на осень,1,manual_common
464,Шины,летние автошины continental,летние автошины continental,0,none
465,Одежда,свитшот puma без принта,свитшот puma без принта,0,none
466,Шины,зимние покрышки 205/55 r16 matador 106t с высоким профилем,зимние покрышки 205/55 r16 matador 106t с высоким профилем,0,none
467,Шины,комплект шин всесезонные 195/65 r15 bridgestone 102h,комплект шин всесезонные 195/65 r15 bridgestone 102h,0,none
468,Оргтехника,шредер с перекрестной резкой dei для офиса,шредер с перекрестной резкой deli для офиса,1,delete_char
469,Оргтехника,фотобарабансовместимый xerox для принтера,фотобарабан совместимый xerox для принтера,1,missing_space
470,Одежда,кардиган женский беылй,кардиган женский белый,1,swap_chars
471,Шины,нешипованные шины 91h,нешипованные шины 91h,0,none
472,Оргтехника,фотобарабан совместимый pantum dr-2275 для принтера,фотобарабан совместимый pantum dr-2275 для принтера,0,none
473,Одежда,платье детское для шшколы,платье детское для школы,1,double_char
474,Оргтехника,шредер с перекрестной резкай,шредер с перекрестной резкой,1,keyboard_neighbor
475,Шины,шипованные шины 205/55 r16 91v тихие,шипованные шины 205/55 r16 91v тихие,0,none
476,Шины,для внедорожника шины 235/45 r18 viatti 95t,для внедорожника шины 235/45 r18 viatti 95t,0,none
477,Одежда,свитеофисный размер l с принтом,свитер офисный размер l с принтом,1,delete_char+missing_space
478,Оргтехника,мфу офисное дляофиса,мфу офисное для офиса,1,missing_space
479,Одежда,кеды утепленные розовыеразмер 42,кеды утепленные розовые размер 42,1,missing_space
480,Оргтехника,ламинатор cactus,ламинатор cactus,0,none
481,Шины,зимние автошины 265/65 r17 birdgestone,зимние автошины 265/65 r17 bridgestone,1,swap_chars
482,Шины,липучка автошины 185/65 r15 с высоким профилем,липучка автошины 185/65 r15 с высоким профилем,0,none
483,Шины,всесезонные автошины 205/60r16,всесезонные автошины 205/60 r16,1,tire_size_format
484,Одежда,кроссовки мужски puma размер 50,кроссовки мужские puma размер 50,1,manual_common
485,Одежда,кроссовки детские школьные голубые размер 50,кроссовки детские школьные голубые размер 50,0,none
486,Шины,липучка шыны 215/55 r17 kumho,липучка шины 215/55 r17 kumho,1,manual_common
487,Оргтехника,принтер этикетак bluetooth xprinter для озон,принтер этикеток bluetooth xprinter для озон,1,manual_common
488,Шины,всесезонные покрышки 245/45 r18,всесезонные покрышки 245/45 r18,0,none
489,Шины,нешипованные авtошины continental,нешипованные автошины continental,1,latin_mix
490,Одежда,термобельеженское демисезонное uniqlo на осень,термобелье женское демисезонное uniqlo на осень,1,missing_space
491,Оргтехника,мфу с автоподачей m6550,мфу с автоподачей m6550,0,none
492,Оргтехника,фотобарабан совместимый brother dr-2275 для мфу,фотобарабан совместимый brother dr-2275 для мфу,0,none
493,Оргтехника,принтер этикеток настольный rongta,принтер этикеток настольный rongta,0,none
494,Шины,комплект шин летние 235/45 r18 yokohama,комплект шин летние 235/45 r18 yokohama,0,none
495,Оргтехника,фотобарабан оригинальный dr-2275,фотобарабан оригинальный dr-2275,0,none
496,Одежда,носки детcкие синие на каждый день,носки детские синие на каждый день,1,latin_mix
497,Оргтехника,клавиатуро,клавиатура,1,keyboard_neighbor
498,Одежда,брюки кориичневые,брюки коричневые,1,double_char
499,Оргтехника,плодтер широкоформатный canon с wifi,плоттер широкоформатный canon с wifi,1,keyboard_neighbor
500,Оргтехника,веб ка мера офисная,веб камера офисная,1,extra_space
501,Одежда,кроссовки мужски бежевые zarina размер l,кроссовки мужские бежевые zarina размер l,1,manual_common
502,Оргтехника,плоттер струйный hp designjet,плоттер струйный hp designjet,0,none
503,Одежда,ветровка детская красная zolal для тренировок,ветровка детская красная zolla для тренировок,1,swap_chars
504,Одежда,пиджак женский демисезомный,пиджак женский демисезонный,1,keyboard_neighbor
505,Одежда,пуховик школьный бежевыц,пуховик школьный бежевый,1,keyboard_neighbor
506,Одежда,кардиган женски uniqlo размер xxl,кардиган женский uniqlo размер xxl,1,manual_common
507,Шины,комплект шин для вннедорожника 175/65 r14 nokian,комплект шин для внедорожника 175/65 r14 nokian,1,double_char
508,Шины,комплект шин 235/55 r19 kumho 99v на кроссовер,комплект шин 235/55 r19 kumho 99v на кроссовер,0,none
509,Шины,для внедорожнка покрышки 205/55 r16,для внедорожника покрышки 205/55 r16,1,delete_char
510,Шины,нешипованные шины 235/55 r19 для трассы,нешипованные шины 235/55 r19 для трассы,0,none
511,Одежда,спортивный костюм женский черный для школы,спортивный костюм женский черный для школы,0,none
512,Одежда,пуховик детский красный размер xxl,пуховик детский красный размер xxl,0,none
513,Шины,runflat покрышки 215/60 r16 91v тихие,runflat покрышки 215/60 r16 91v тихие,0,none
514,Оргтехника,веб камера офисная a4tech,веб камера офисная a4tech,0,none
515,Оргтехника,тонер черн ый,тонер черный,1,extra_space
516,Шины,шипованные автошины 235/45 r18 99v,шипованные автошины 235/45 r18 99v,0,none
517,Одежда,сандалии женские школьные размер 54,сандалии женские школьные размер 54,0,none
518,Одежда,брюки женски adidas,брюки женские adidas,1,manual_common
519,Оргтехника,фотобарабан оригинальный brot her dr-2401,фотобарабан оригинальный brother dr-2401,1,extra_space
520,Шины,легковые автошины 235/55r19 hankook,легковые автошины 235/55 r19 hankook,1,missing_space
521,Одежда,сандалии без принта,сандалии без принта,0,none
522,Одежда,перчаткитеплые с принтом,перчатки теплые с принтом,1,missing_space
523,Шины,зимние рес ина,зимние резина,1,extra_space+keyboard_neighbor
524,Одежда,кроссовки женские ерные columbia,кроссовки женские черные columbia,1,delete_char
525,Одежда,ветровка красная fila размер l,ветровка красная fila размер l,0,none
526,Одежда,платье детское на молнии,платье детское на молнии,0,none
527,Одежда,юбка детская красная размер l,юбка детская красная размер l,0,none
528,Оргтехника,копир цифровой сетевой,копир цифровой сетевой,0,none
529,Шины,нешиповнные резина 235/45 r18,нешипованные резина 235/45 r18,1,delete_char
530,Оргтехника,мышь беспров одная dell,мышь беспроводная dell,1,extra_space
531,Оргтехника,копир цветнои xerox для офиса,копир цветной xerox для офиса,1,manual_common
532,Оргтехника,картридж цветнои brother q2612a,картридж цветной brother q2612a,1,manual_common
533,Одежда,куптка размер m,куртка размер m,1,keyboard_neighbor
534,Оргтехника,клавиатура a4tec,клавиатура a4tech,1,delete_char
535,Шины,липучка покрышки 205/55 r16 yokohama,липучка покрышки 205/55 r16 yokohama,0,none
536,Одежда,худи женское черное,худи женское черное,0,none
537,Оргтехника,сканер протяжныый epson,сканер протяжный epson,1,double_char
538,Шины,комплект шин зимнии 205/55 r16 pirelli 94v для трассы,комплект шин зимние 205/55 r16 pirelli 94v для трассы,1,manual_common
539,Оргтехника,мфу монохромное для доам,мфу монохромное для дома,1,swap_chars
540,Шины,комплект шин легковые 225/50 r17 на камри,комплект шин легковые 225/50 r17 на камри,0,none
541,Одежда,кроссовки zarina,кроссовки zarina,0,none
542,Оргтехника,клавиатура механическая defender,клавиатура механическая defender,0,none
543,Шины,комплект шин 265/65 r17 michelin99v,комплект шин 265/65 r17 michelin 99v,1,missing_space
544,Оргтехника,плоттер формата a1 designjet,плоттер формата a1 designjet,0,none
545,Шины,липучка резина 91h,липучка резина 91h,0,none
546,Одежда,кроссовкимужские базовые размер 54,кроссовки мужские базовые размер 54,1,missing_space
547,Шины,комплект шин липучка 235/55 r19 cordiant,комплект шин липучка 235/55 r19 cordiant,0,none
548,Шины,для внедорожника покрышки 175/65 r14 triangle 95t,для внедорожника покрышки 175/65 r14 triangle 95t,0,none
549,Шины,runflat шины 235/45 r18 98h на соялрис,runflat шины 235/45 r18 98h на солярис,1,swap_chars
550,Шины,для внедорожника покришки для трассы,для внедорожника покрышки для трассы,1,manual_common
551,Шины,шины 235/55 r19 cordiant,шины 235/55 r19 cordiant,0,none
552,Шины,летнее автошины 265/65 r17 tigar с высоким профилем,летние автошины 265/65 r17 tigar с высоким профилем,1,keyboard_neighbor
553,Шины,шины 245/45 р18 102h недорогие,шины 245/45 r18 102h недорогие,1,tire_size_format
554,Шины,комплект шин беезкамерные 215/60 r16 viatti с высоким профилем,комплект шин бескамерные 215/60 r16 viatti с высоким профилем,1,manual_common+double_char
555,Шины,шипoванные шиhы 185/65 r15 continental,шипованные шины 185/65 r15 continental,1,latin_mix
556,Одежда,шапка женская размер 54 на молнии,шапка женская размер 54 на молнии,0,none
557,Одежда,перчатки женские офисные размер 52,перчатки женские офисные размер 52,0,none
558,Оргтехника,плоттер формата a1 с wifi,плоттер формата a1 с wifi,0,none
559,Шины,легковые шины 225/45 r17 michellin на кроссовер,легковые шины 225/45 r17 michelin на кроссовер,1,double_char
560,Шины,комплект шинзимние 235/45 r18 94v с высоким профилем,комплект шин зимние 235/45 r18 94v с высоким профилем,1,missing_space
561,Шины,всесезонные шины 205/55 r16 tigar 102h,всесезонные шины 205/55 r16 tigar 102h,0,none
562,Оргтехника,тонер черhый brother,тонер черный brother,1,latin_mix
563,Шины,hешипованные автошины255/55 r18,нешипованные автошины 255/55 r18,1,latin_mix+missing_space
564,Оргтехника,проектор портативный для презентаций,проектор портативный для презентаций,0,none
565,Шины,ззимние резина michelin тихие,зимние резина michelin тихие,1,double_char
566,Оргтехника,картридж цветнойcf283a,картридж цветной cf283a,1,missing_space
567,Оргтехника,картpидж canon,картридж canon,1,latin_mix
568,Одежда,пиджак мужской красный разер xl,пиджак мужской красный размер xl,1,delete_char
569,Шины,коомплект шин 225/55 r18,комплект шин 225/55 r18,1,double_char
570,Оргтехника,мфу лазирное pantum,мфу лазерное pantum,1,keyboard_neighbor
571,Оргтехника,ламинатор формата a4,ламинатор формата a4,0,none
572,Шины,шипованые покрышки 205/55 r16 goodyear на камри,шипованные покрышки 205/55 r16 goodyear на камри,1,manual_common
573,Шины,зимние резина 245/45r18 yokohama 106t,зимние резина 245/45 r18 yokohama 106t,1,tire_size_format
574,Оргтехника,проектор xiaomi с bluetooth,проектор xiaomi с bluetooth,0,none
575,Оргтехника,ламинатор форматаa4,ламинатор формата a4,1,missing_space
576,Оргтехника,мышь тихая dlel bluetooth,мышь тихая dell bluetooth,1,swap_chars
577,Одежда,кардиганженский с принтом,кардиган женский с принтом,1,missing_space
578,Шины,липучка шины 265/65r17,липучка шины 265/65 r17,1,tire_size_format
579,Одежда,пуховик женский утепленный красный nike,пуховик женский утепленный красный nike,0,none
580,Одежда,шарф мужской adidasразмер xs,шарф мужской adidas размер xs,1,missing_space
581,Оргтехника,фотобарабаh,фотобарабан,1,latin_mix
582,Шины,летнеи покрышки 215/55 r17,летние покрышки 215/55 r17,1,swap_chars
583,Одежда,рубашла мужская черная zolla размер xxl на молнии,рубашка мужская черная zolla размер xxl на молнии,1,keyboard_neighbor
584,Шины,всесезонные опкрышик 225/45 r17 pirelli,всесезонные покрышки 225/45 r17 pirelli,1,swap_chars+swap_chars
585,Оргтехника,ламинат ор deli,ламинатор deli,1,extra_space
586,Оргтехника,плоттер,плоттер,0,none
587,Шины,рези на 215/55 r17,резина 215/55 r17,1,extra_space
588,Одежда,ботинки детские летние размер,ботинки детские летние размер m,1,delete_char
589,Шины,автоиы 205/55 r16,автошины 205/55 r16,1,delete_char+delete_char
590,Шины,липучка шины 205/60 r16 hankook,липучка шины 205/60 r16 hankook,0,none
591,Шины,шипованные автоошины 225/50 r17 на кроссовер,шипованные автошины 225/50 r17 на кроссовер,1,double_char
592,Оргтехника,проектор led,проектор led,0,none
593,Одежда,ботинки мужские demix размер xxl,ботинки мужские demix размер xxl,0,none
594,Одежда,пуховик женский зимний,пуховик женский зимний,0,none
595,Шины,комплект шин летние 225/45 r17 на гранту,комплект шин летние 225/45 r17 на гранту,0,none
596,Оргтехника,фотобаррабан kyocera для принтра,фотобарабан kyocera для принтера,1,double_char+delete_char
597,Оргтехника,копир ri coh ecosys,копир ricoh ecosys,1,extra_space
598,Шины,липучка автошины 215/55 r17 continental,липучка автошины 215/55 r17 continental,0,none
599,Одежда,худи детское,худи детское,0,none
600,Одежда,педжак мужской,пиджак мужской,1,keyboard_neighbor
601,Одежда,шорты мужские зимние серые zolla с капюшшоном,шорты мужские зимние серые zolla с капюшоном,1,double_char
602,Оргтехника,шредер для бу маги,шредер для бумаги,1,extra_space
603,Оргтехника,термопринтер usb xprinter,термопринтер usb xprinter,0,none
604,Одежда,брюки биз принта,брюки без принта,1,keyboard_neighbor
605,Оргтехника,проетор xiaomi,проектор xiaomi,1,delete_char
606,Одежда,печратки черные,перчатки черные,1,swap_chars
607,Одежда,джинсы женские базовые для бега,джинсы женские базовые для бега,0,none
608,Шины,комплект шин всесезоные 265/65 r17 goodyear на солярис,комплект шин всесезонные 265/65 r17 goodyear на солярис,1,manual_common
609,Одежда,толстовка мужская голубая на молнии,толстовка мужская голубая на молнии,0,none
610,Одежда,сандалии деткие размер 52,сандалии детские размер 52,1,delete_char
611,Оргтехника,проектор benq,проектор benq,0,none
612,Одежда,деггинсы размер 44,леггинсы размер 44,1,keyboard_neighbor
613,Одежда,пдижак детский легкий demix на зиму,пиджак детский легкий demix на зиму,1,swap_chars
614,Одежда,костюм женский спартивный gloria jenas,костюм женский спортивный gloria jeans,1,keyboard_neighbor+swap_chars
615,Оргтехника,коипр сетевой,копир сетевой,1,swap_chars
616,Оргтехника,мышь беспрофодная a4tech,мышь беспроводная a4tech,1,keyboard_neighbor
617,Одежда,леггинсы детские домашние gloria je ans размер s,леггинсы детские домашние gloria jeans размер s,1,extra_space
618,Одежда,термобеьле,термобелье,1,swap_chars
619,Одежда,кардиган детский базовый размер 44 без принта,кардиган детский базовый размер 44 без принта,0,none
620,Шины,для внедорожника автошины 215/60 r16 goodyear на ниву,для внедорожника автошины 215/60 r16 goodyear на ниву,0,none
621,Шины,всесезонные автошины 255/55 r18 viatti,всесезонные автошины 255/55 r18 viatti,0,none
622,Оргтехника,сконер,сканер,1,keyboard_neighbor
623,Шины,комплект шин зимние 195/65 r15,комплект шин зимние 195/65 r15,0,none
624,Шины,шипованные покрышки 245/45r18 на ниву,шипованные покрышки 245/45 r18 на ниву,1,tire_size_format
625,Шины,зимние шины viatti для трассы,зимние шины viatti для трассы,0,none
626,Одежда,брюки базовые красные размер m,брюки базовые красные размер m,0,none
627,Оргтехника,копир циффровой xerox,копир цифровой xerox,1,double_char
628,Шины,шины 175/65 r14,шины 175/65 r14,0,none
629,Одежда,топ женский с при нтом,топ женский с принтом,1,extra_space
630,Оргтехника,прое ктор full hd benq,проектор full hd benq,1,extra_space
631,Шины,комплект шин,комплект шин,0,none
632,Одежда,топ серый demix размер 48 для школы,топ серый demix размер 48 для школы,0,none
633,Одежда,футболка женская размер 42,футболка женская размер 42,0,none
634,Одежда,леггинсыдетскиедомашние,леггинсы детские домашние,1,missing_space+missing_space
635,Одежда,шаpф детский утепленный разmер xl,шарф детский утепленный размер xl,1,latin_mix
636,Оргтехника,мфу с автоподачей canon,мфу с автоподачей canon,0,none
637,Одежда,костюм мужской на каждый день,костюм мужской на каждый день,0,none
638,Одежда,сандалие мужские голубые размер 54,сандалии мужские голубые размер 54,1,keyboard_neighbor
639,Одежда,шарф с капюшоном,шарф с капюшоном,0,none
640,Шины,нешипованные шины 225/45 r17 triangle недорогие,нешипованные шины 225/45 r17 triangle недорогие,0,none
641,Одежда,толстовка длля школы,толстовка для школы,1,double_char
642,Шины,бескамерные шины 225/50 r17 с усиленной боковиной,бескамерные шины 225/50 r17 с усиленной боковиной,0,none
643,Шины,липучка резина 245/45 r18,липучка резина 245/45 r18,0,none
644,Оргтехника,сканерпланшетный xerox,сканер планшетный xerox,1,missing_space
645,Одежда,худи мужское черное,худи мужское черное,0,none
646,Одежда,ботинки женские демисесонные,ботинки женские демисезонные,1,keyboard_neighbor
647,Оргтехника,клавиатруа тихая a4tech,клавиатура тихая a4tech,1,manual_common
648,Оргтехника,клавиатура проводная,клавиатура проводная,0,none
649,Шины,летние покрышки 225/45 r17 hankook,летние покрышки 225/45 r17 hankook,0,none
650,Оргтехника,проелтор xiaomi,проектор xiaomi,1,keyboard_neighbor
651,Одежда,перчатки енские nike,перчатки женские nike,1,delete_char
652,Оргтехника,веб камера офисная defender для конференций,веб камера офисная defender для конференций,0,none
653,Шины,покрышки 265/65 r1798h,покрышки 265/65 r17 98h,1,missing_space
654,Шины,комплект шин 225 45 r17 для трассы,комплект шин 225/45 r17 для трассы,1,tire_size_format
655,Одежда,леггинсы женские зеленые размер 50,леггинсы женские зеленые размер 50,0,none
656,Одежда,костюм коричневый размер m,костюм коричневый размер m,0,none
657,Одежда,леггинсы децкие офисные бежевые fila размер 44,леггинсы детские офисные бежевые fila размер 44,1,manual_common
658,Одежда,лонгслив женский блеый,лонгслив женский белый,1,swap_chars
659,Шины,всесезонные покрышки 225/50 r17 goodyear,всесезонные покрышки 225/50 r17 goodyear,0,none
660,Оргтехника,тeрмопринтер bluetooth rogta для чеков,термопринтер bluetooth rongta для чеков,1,delete_char+latin_mix
661,Шины,комплект шин всесезонные 245 45 r18 102h,комплект шин всесезонные 245/45 r18 102h,1,tire_size_format
662,Одежда,сандалии детские офисные с принтом,сандалии детские офисные с принтом,0,none
663,Шины,бескамерные автошины,бескамерные автошины,0,none
664,Одежда,лногслив zolla,лонгслив zolla,1,swap_chars
665,Одежда,брюки мужские раазмер 42,брюки мужские размер 42,1,double_char
666,Одежда,костюм мужской спортивный коричневый размер xs,костюм мужской спортивный коричневый размер xs,0,none
667,Шины,покрышки 215/60 r16 continental,покрышки 215/60 r16 continental,0,none
668,Шины,шипованные автошины 205/60 r16 goodyear на камpи,шипованные автошины 205/60 r16 goodyear на камри,1,latin_mix
669,Оргтехника,кдавиатура тихая,клавиатура тихая,1,keyboard_neighbor
670,Оргтехника,мфу офиснои laserjet,мфу офисное laserjet,1,keyboard_neighbor
671,Одежда,пуховик коирчневый,пуховик коричневый,1,swap_chars
672,Шины,покришки 225/50 r17 triangle,покрышки 225/50 r17 triangle,1,manual_common
673,Шины,окмплект шин 235/55 r19,комплект шин 235/55 r19,1,swap_chars
674,Шины,коmплект шин 225/55 r18 95t,комплект шин 225/55 r18 95t,1,latin_mix
675,Оргтехника,моноир full hd aoc,монитор full hd aoc,1,delete_char+swap_chars
676,Одежда,пуховик школьный размер 48,пуховик школьный размер 48,0,none
677,Оргтехника,проектор портативный xaomi,проектор портативный xiaomi,1,delete_char
678,Оргтехника,ламнатор горячий,ламинатор горячий,1,delete_char
679,Оргтехника,копир офисный kyocera ecosys,копир офисный kyocera ecosys,0,none
680,Шины,покрышшки 185/65 r15 91h,покрышки 185/65 r15 91h,1,double_char
681,Одежда,перчатки мужские puma размкр 52,перчатки мужские puma размер 52,1,manual_common
682,Оргтехника,мишь,мышь,1,keyboard_neighbor
683,Одежда,шарф женсский спортивный outventure,шарф женский спортивный outventure,1,double_char
684,Шины,runflat резина 225/55 r18 matador 94v,runflat резина 225/55 r18 matador 94v,0,none
685,Оргтехника,фотобарабан dr-2401 для мфу,фотобарабан dr-2401 для мфу,0,none
686,Шины,зимнеи автошины,зимние автошины,1,swap_chars
687,Оргтехника,принтер этикеток портативный xprinter для маркетплейса,принтер этикеток портативный xprinter для маркетплейса,0,none
688,Оргтехника,копир монохромный,копир монохромный,0,none
689,Оргтехника,тонер совместимый,тонер совместимый,0,none
690,Оргтехника,плоттер epson,плоттер epson,0,none
691,Одежда,худи мужское летнее голубое размер l,худи мужское летнее голубое размер l,0,none
692,Одежда,топ женский спортивный zarina размер xl,топ женский спортивный zarina размер xl,0,none
693,Оргтехника,принтер монохромный hp,принтер монохромный hp,0,none
694,Шины,зимие резина 245/45 r18 pirelli тихие,зимние резина 245/45 r18 pirelli тихие,1,delete_char
695,Одежда,носки разнир 52,носки размер 52,1,keyboard_neighbor+keyboard_neighbor
696,Одежда,кардиган синий размер xxl,кардиган синий размер xxl,0,none
697,Одежда,ботинки детские,ботинки детские,0,none
698,Шины,комплект шин лешковые 225/55 r18 goodyear 91h,комплект шин легковые 225/55 r18 goodyear 91h,1,keyboard_neighbor
699,Шины,компл ект шин для внедорожника 195/65 r15,комплект шин для внедорожника 195/65 r15,1,extra_space
700,Оргтехника,вeб камера для офиса,веб камера для офиса,1,latin_mix
701,Оргтехника,термопринтер настольный для маркетплейса,термопринтер настольный для маркетплейса,0,none
702,Одежда,пуховик школьный размер 46,пуховик школьный размер 46,0,none
703,Оргтехника,мониtор aoc,монитор aoc,1,latin_mix
704,Одежда,пухавик gloria jeans,пуховик gloria jeans,1,manual_common
705,Одежда,футболка женская утепленная uniqlo,футболка женская утепленная uniqlo,0,none
706,Одежда,пуховик женский зимний голубой,пуховик женский зимний голубой,0,none
707,Шины,комплект шин бескамерhые 215/60 r16 с высоким профилем,комплект шин бескамерные 215/60 r16 с высоким профилем,1,latin_mix
708,Шины,липучка шниы 205/60 r16 triangle 106t,липучка шины 205/60 r16 triangle 106t,1,swap_chars
709,Оргтехника,термoринтер чековый для этикеток,термопринтер чековый для этикеток,1,latin_mix+delete_char
710,Оргтехника,тонер panttum для пр интера,тонер pantum для принтера,1,double_char+extra_space
711,Оргтехника,шредер офисынй с гарантией,шредер офисный с гарантией,1,swap_chars
712,Одежда,куртка школьная белая размер 46 без принта,куртка школьная белая размер 46 без принта,0,none
713,Оргтехника,ламенатор офисный deli,ламинатор офисный deli,1,manual_common
714,Шины,runfflatрезина 215/55 r17,runflat резина 215/55 r17,1,double_char+missing_space
715,Оргтехника,термопринтер настольный xprinter,термопринтер настольный xprinter,0,none
716,Оргтехника,тонер оригинальныйxerox cf283a,тонер оригинальный xerox cf283a,1,missing_space
717,Шины,нешипованнеы резина 215/60 r16,нешипованные резина 215/60 r16,1,swap_chars
718,Оргтехника,шредер с перекрестной резкой deli для офиса,шредер с перекрестной резкой deli для офиса,0,none
719,Шины,резино 255/55 r18pirelli,резина 255/55 r18 pirelli,1,keyboard_neighbor+missing_space
720,Одежда,кроссовки,кроссовки,0,none
721,Оргтехника,монит ор full hd dell,монитор full hd dell,1,extra_space
722,Одежда,пуховик мужской demix размер xs,пуховик мужской demix размер xs,0,none
723,Одежда,брюки мужские ббежевыи для бега,брюки мужские бежевые для бега,1,keyboard_neighbor+double_char
724,Шины,runflat шины 235/45 r18 yokohama недорогие,runflat шины 235/45 r18 yokohama недорогие,0,none
725,Шины,липучка покрышки 235/55 r19 tigar,липучка покрышки 235/55 r19 tigar,0,none
726,Одежда,перчатки мужские школьные на осень,перчатки мужские школьные на осень,0,none
727,Оргтехника,фотобарабан совместимый brother dr-2275,фотобарабан совместимый brother dr-2275,0,none
728,Шины,комплект шин 215/55 r17,комплект шин 215/55 r17,0,none
729,Шины,комплект шин всессезонные 215/60 r16 pirelli,комплект шин всесезонные 215/60 r16 pirelli,1,double_char
730,Оргтехника,клавиатура техая hp,клавиатура тихая hp,1,keyboard_neighbor
731,Одежда,футболка раз мер 52,футболка размер 52,1,extra_space
732,Шины,ризина 215/60 r16 kumho,резина 215/60 r16 kumho,1,keyboard_neighbor
733,Шины,ризина 205/55 r16 hankook,резина 205/55 r16 hankook,1,manual_common
734,Одежда,ппиджак мужской demix размер 54,пиджак мужской demix размер 54,1,double_char
735,Одежда,футболка жинская на каждый день,футболка женская на каждый день,1,keyboard_neighbor
736,Оргтехника,сканер с автоподачей canon,сканер с автоподачей canon,0,none
737,Шины,бескамерные покрышки 215 60 r16,бескамерные покрышки 215/60 r16,1,tire_size_format
738,Шины,шипованные ишны 265/65 r17 91h,шипованные шины 265/65 r17 91h,1,swap_chars
739,Одежда,топ детский,топ детский,0,none
740,Шины,нешипоавнные покрышки 245/45 r18 нна кроссовер,нешипованные покрышки 245/45 r18 на кроссовер,1,double_char+swap_chars
741,Шины,шипованные автошины 175/65 r14 106t с высоким профлием,шипованные автошины 175/65 r14 106t с высоким профилем,1,swap_chars
742,Одежда,ботинки мужские домашние на зиму,ботинки мужские домашние на зиму,0,none
743,Оргтехника,принтер этикеток usb,принтер этикеток usb,0,none
744,Оргтехника,шреддер braubergс гарантией,шредер brauberg с гарантией,1,missing_space+double_char
745,Шины,нешипованные шины 225/45 r17 goodyear 91h с высоким профилем,нешипованные шины 225/45 r17 goodyear 91h с высоким профилем,0,none
746,Шины,покришkи 205/60 r16 99v,покрышки 205/60 r16 99v,1,keyboard_neighbor+latin_mix
747,Оргтехника,термопринтерbluetooth,термопринтер bluetooth,1,missing_space
748,Оргтехника,копир монохромный canon imageclass сетевой,копир монохромный canon imageclass сетевой,0,none
749,Одежда,лонгслив ммужской офисный,лонгслив мужской офисный,1,double_char
750,Одежда,футболка голубая,футболка голубая,0,none
751,Оргтехника,кловиатура проводная logitech usb,клавиатура проводная logitech usb,1,keyboard_neighbor
752,Одежда,носки женски для бега,носки женские для бега,1,manual_common
753,Одежда,ботики женские размер 54,ботинки женские размер 54,1,delete_char
754,Оргтехника,принтер этикеток портативный для вайлдберриз,принтер этикеток портативный для вайлдберриз,0,none
755,Шины,бескамерные шины 215/60r16 на камри,бескамерные шины 215/60 r16 на камри,1,missing_space
756,Шины,покрышки hanokok,покрышки hankook,1,swap_chars
757,Оргтехника,плоттер фромата a1,плоттер формата a1,1,swap_chars
758,Оргтехника,веб камера офисная hp с авдофокусом,веб камера офисная hp с автофокусом,1,keyboard_neighbor
759,Оргтехника,ламинатор пакетний,ламинатор пакетный,1,keyboard_neighbor
760,Оргтехника,веб кам ера с микрофоном dell,веб камера с микрофоном dell,1,extra_space
761,Одежда,ботинки спортивные розовые размеер 50,ботинки спортивные розовые размер 50,1,double_char
762,Оргтехника,сканер планшетный,сканер планшетный,0,none
763,Одежда,пиджак спортивный nike,пиджак спортивный nike,0,none
764,Одежда,шарф дома шний коричневый,шарф домашний коричневый,1,extra_space
765,Оргтехника,проектор с wifi epson для презентаций,проектор с wifi epson для презентаций,0,none
766,Оргтехника,плоттер цветной hp,плоттер цветной hp,0,none
767,Одежда,пальто мужскoе спортивное розовое adidas,пальто мужское спортивное розовое adidas,1,latin_mix
768,Одежда,платье женское школьное размер 50 на осень,платье женское школьное размер 50 на осень,0,none
769,Оргтехника,мфу с автоподачей,мфу с автоподачей,0,none
770,Шины,нешипован ные резина 175/65 r14 pirelli 98h на камри,нешипованные резина 175/65 r14 pirelli 98h на камри,1,extra_space
771,Одежда,кроссовки женские,кроссовки женские,0,none
772,Оргтехника,веб камера с микрофоном для офиса,веб камера с микрофоном для офиса,0,none
773,Оргтехника,шредерофисный brauberg,шредер офисный brauberg,1,missing_space
774,Оргтехника,фотобарабан орегинальный dr-2275 для принтера,фотобарабан оригинальный dr-2275 для принтера,1,manual_common
775,Шины,шипованные шины 195/65r15 pirelli с усиленной боковиной,шипованные шины 195/65 r15 pirelli с усиленной боковиной,1,tire_size_format
776,Оргтехника,проелтор epson,проектор epson,1,keyboard_neighbor
777,Оргтехника,картридж струйный,картридж струйный,0,none
778,Оргтехника,монитор ips с displayport,монитор ips с displayport,0,none
779,Одежда,спортивынй костюм красный размер 50,спортивный костюм красный размер 50,1,swap_chars
780,Оргтехника,проекторр,проектор,1,double_char
781,Шины,комплект шин всесезонныи 215/55 r17 goodyear 106t на грaнту,комплект шин всесезонные 215/55 r17 goodyear 106t на гранту,1,keyboard_neighbor+latin_mix
782,Одежда,спортивный костюм летний коричневый размер 52,спортивный костюм летний коричневый размер 52,0,none
783,Одежда,худи мужское бежеове размер 50,худи мужское бежевое размер 50,1,swap_chars
784,Шины,комплект шин зимние 185/65 r15 95t,комплект шин зимние 185/65 r15 95t,0,none
785,Шины,для вhедорожника покрышке 215/60 r16 cordiant 98h,для внедорожника покрышки 215/60 r16 cordiant 98h,1,keyboard_neighbor+latin_mix
786,Одежда,свитерженслий базовый columbia для школы,свитер женский базовый columbia для школы,1,keyboard_neighbor+missing_space
787,Оргтехника,мышь проводная hp,мышь проводная hp,0,none
788,Шины,бескмаерные резина 195/65 r15 triangle недорогие,бескамерные резина 195/65 r15 triangle недорогие,1,swap_chars
789,Оргтехника,сканер сетевой canon,сканер сетевой canon,0,none
790,Одежда,перчатки спортивные размер 42,перчатки спортивные размер 42,0,none
791,Одежда,рубашка розовая gloriajeans размер 46,рубашка розовая gloria jeans размер 46,1,missing_space
792,Шины,шины свысоким профилем,шины с высоким профилем,1,missing_space
793,Оргтехника,мышь тиахя hp,мышь тихая hp,1,swap_chars
794,Шины,комплект шин бескамерные 175/65 r14 triangle 106t тихие,комплект шин бескамерные 175/65 r14 triangle 106t тихие,0,none
795,Шины,нешипованные автошины 205/55 r16 для трассы,нешипованные автошины 205/55 r16 для трассы,0,none
796,Оргтехника,шредер офесный с гарантией,шредер офисный с гарантией,1,manual_common
797,Оргтехника,клавиатура механическая a4etch,клавиатура механическая a4tech,1,swap_chars
798,Шины,бескамерные резина 225/55 r18 matador,бескамерные резина 225/55 r18 matador,0,none
799,Шины,всесезонные резина 245/45r18 102h,всесезонные резина 245/45 r18 102h,1,tire_size_format
800,Оргтехника,ламинатор формата a4 deli,ламинатор формата a4 deli,0,none
801,Одежда,шарф женский бежевыйй,шарф женский бежевый,1,double_char
802,Оргтехника,даминтаор офисный для документов,ламинатор офисный для документов,1,swap_chars+keyboard_neighbor
803,Оргтехника,ламинатор пакетный bruaberg,ламинатор пакетный brauberg,1,swap_chars
804,Одежда,пиджак размер xxl с капюшоном,пиджак размер xxl с капюшоном,0,none
805,Шины,авдошины 235/45 r18 viatti,автошины 235/45 r18 viatti,1,keyboard_neighbor
806,Оргтехника,термопринтер xprinter,термопринтер xprinter,0,none
807,Одежда,шарф базовый outventure для тренировок,шарф базовый outventure для тренировок,0,none
808,Оргтехника,сканер форmaта a4 xerox,сканер формата a4 xerox,1,latin_mix
809,Шины,летние покрыки 235/45 r18,летние покрышки 235/45 r18,1,delete_char
810,Шины,шипованные автошины 245/45 r18 continental 98h,шипованные автошины 245/45 r18 continental 98h,0,none
811,Оргтехника,термопринтер usb для этиекток,термопринтер usb для этикеток,1,swap_chars
812,Одежда,кардиган gloria jeans,кардиган gloria jeans,0,none
813,Одежда,пальто детское школьное зеленое outventure,пальто детское школьное зеленое outventure,0,none
814,Шины,для внедорожника резина 235/45 r18 для трассы,для внедорожника резина 235/45 r18 для трассы,0,none
815,Одежда,платье женсское домашнее синее,платье женское домашнее синее,1,double_char
816,Оргтехника,мышь беспрoводная usb,мышь беспроводная usb,1,latin_mix
817,Оргтехника,шреер офисный cactus,шредер офисный cactus,1,delete_char
818,Шины,резина continental,резина continental,0,none
819,Одежда,кроссовки мужские бе лые на каждый день,кроссовки мужские белые на каждый день,1,extra_space
820,Одежда,спортивный костюм детский коричневый для подростка,спортивный костюм детский коричневый для подростка,0,none
821,Одежда,шапка женская базовая adidas для офиса,шапка женская базовая adidas для офиса,0,none
822,Одежда,кадиган детский синий adidas на молнии,кардиган детский синий adidas на молнии,1,delete_char
823,Оргтехника,проектор led benq с bluetooth,проектор led benq с bluetooth,0,none
824,Шины,зимние резина 225 55 r18 nokian на гранту,зимние резина 225/55 r18 nokian на гранту,1,tire_size_format
825,Шины,камплект шин шипованные 215/60 r16,комплект шин шипованные 215/60 r16,1,keyboard_neighbor
826,Одежда,термобелье мужксоеcolumbia,термобелье мужское columbia,1,swap_chars+missing_space
827,Оргтехника,тонер совместимыйxerox,тонер совместимый xerox,1,missing_space
828,Оргтехника,шредер cactus,шредер cactus,0,none
829,Оргтехника,скнае формата a4 imageclass,сканер формата a4 imageclass,1,delete_char+swap_chars
830,Одежда,куртка децкая без принта,куртка детская без принта,1,manual_common
831,Одежда,спортивный костюм детский,спортивный костюм детский,0,none
832,Оргтехника,веб камера с микрофоном hp с автофокусом,веб камера с микрофоном hp с автофокусом,0,none
833,Шины,лиупчка автошины 235/45 r18,липучка автошины 235/45 r18,1,swap_chars
834,Шины,зимние автошины 205/60 r16 pirelli,зимние автошины 205/60 r16 pirelli,0,none
835,Оргтехника,шре дер,шредер,1,extra_space
836,Шины,летние покришки195/65 r15,летние покрышки 195/65 r15,1,manual_common+missing_space
837,Шины,для внед рожника покрышки 255/55 r18 95t,для внедорожника покрышки 255/55 r18 95t,1,extra_space+delete_char
838,Одежда,брюки белые размер xs,брюки белые размер xs,0,none
839,Оргтехника,фотобарабан совместимый kyocera длямфу,фотобарабан совместимый kyocera для мфу,1,missing_space
840,Одежда,юбка размер 54,юбка размер 54,0,none
841,Оргтехника,монитор офиснйы для оифса,монитор офисный для офиса,1,swap_chars+swap_chars
842,Оргтехника,шреедр компактный для офиса,шредер компактный для офиса,1,swap_chars
843,Одежда,пальто детсое adidas на молнии,пальто детское adidas на молнии,1,delete_char
844,Одежда,костюмженский,костюм женский,1,missing_space
845,Оргтехника,шредеер с перекрестной резкой,шредер с перекрестной резкой,1,double_char
846,Шины,липучка резина 265/65 r17 continental,липучка резина 265/65 r17 continental,0,none
847,Шины,автоши ны 265/65r17,автошины 265/65 r17,1,extra_space+missing_space
848,Одежда,джинсы мужские дамашние размер l,джинсы мужские домашние размер l,1,keyboard_neighbor
849,Шины,летние шины 185/65 р15 viatti недорогие,летние шины 185/65 r15 viatti недорогие,1,tire_size_format
850,Одежда,юбко детская размкр xs,юбка детская размер xs,1,manual_common+keyboard_neighbor
851,Шины,нешипованные резина,нешипованные резина,0,none
852,Одежда,топ жинский zarina размер xl,топ женский zarina размер xl,1,keyboard_neighbor
853,Оргтехника,клавиатура механичееская defender,клавиатура механическая defender,1,double_char
854,Шины,комплект шин goodyear 106t на ниву,комплект шин goodyear 106t на ниву,0,none
855,Одежда,леггисны детские серые размер 48,леггинсы детские серые размер 48,1,swap_chars
856,Одежда,шор ты серые с капюшоном,шорты серые с капюшоном,1,extra_space
857,Одежда,плаатье детское летнее синее размер 42,платье детское летнее синее размер 42,1,double_char
858,Оргтехника,тонре hp,тонер hp,1,swap_chars
859,Одежда,ветровка томашняя размер 52,ветровка домашняя размер 52,1,keyboard_neighbor
860,Оргтехника,плоттер широкоформатный hp designjet,плоттер широкоформатный hp designjet,0,none
861,Оргтехника,принтер домашний yocera p2500w,принтер домашний kyocera p2500w,1,delete_char
862,Шины,легковые шины 205/60 r16 на гранту,легковые шины 205/60 r16 на гранту,0,none
863,Шины,нешипованные гины 195/65 r15 cordiant,нешипованные шины 195/65 r15 cordiant,1,keyboard_neighbor
864,Одежда,леггинсы синие,леггинсы синие,0,none
865,Одежда,юбка легкая зеленая demix,юбка легкая зеленая demix,0,none
866,Шины,зим ние покрышки,зимние покрышки,1,extra_space
867,Шины,комплект шин летние 225 50 r17 yokohama,комплект шин летние 225/50 r17 yokohama,1,tire_size_format
868,Шины,runflat автошины 205/60 r16,runflat автошины 205/60 r16,0,none
869,Шины,липучка покрышки 215/55 r17 tigar,липучка покрышки 215/55 r17 tigar,0,none
870,Шины,комплект шин 245/45 r18 mataodr,комплект шин 245/45 r18 matador,1,swap_chars
871,Оргтехника,термопринтер,термопринтер,0,none
872,Оргтехника,веб камера edll с автофокусом,веб камера dell с автофокусом,1,swap_chars
873,Шины,автошины 245/45 r18 hankook 106t,автошины 245/45 r18 hankook 106t,0,none
874,Шины,runfla автогины 225/45 r17,runflat автошины 225/45 r17,1,delete_char+keyboard_neighbor
875,Одежда,пуховик детский демисезонный с капюшоном,пуховик детский демисезонный с капюшоном,0,none
876,Шины,рзина 215/55 r17 goodyear,резина 215/55 r17 goodyear,1,delete_char
877,Одежда,шорты теплые голубыеbefree,шорты теплые голубые befree,1,missing_space
878,Шины,комплект шин всесезонные 235/45 r18 yokohama 98h,комплект шин всесезонные 235/45 r18 yokohama 98h,0,none
879,Шины,липуч ка шины 225/45 р17 triangle,липучка шины 225/45 r17 triangle,1,tire_size_format+extra_space
880,Одежда,костюм детский спортивный размер xs,костюм детский спортивный размер xs,0,none
881,Шины,зимние резина 215/55 r17,зимние резина 215/55 r17,0,none
882,Шины,авташины 195/65 r15 99v,автошины 195/65 r15 99v,1,keyboard_neighbor
883,Одежда,толстовка мужска размер 44,толстовка мужская размер 44,1,manual_common
884,Оргтехника,сканер планшетнный imageclass,сканер планшетный imageclass,1,double_char
885,Шины,для внедорожника резина 225/55 r18 на камри,для внедорожника резина 225/55 r18 на камри,0,none
886,Оргтехника,монитор офисный,монитор офисный,0,none
887,Одежда,кеды легкие adidas для бeга,кеды легкие adidas для бега,1,latin_mix
888,Оргтехника,картридж epson,картридж epson,0,none
889,Оргтехника,шредер cactus с гарантией,шредер cactus с гарантией,0,none
890,Шины,покрышки 235/55 r19 triangle 91v на кроссовер,покрышки 235/55 r19 triangle 91v на кроссовер,0,none
891,Оргтехника,проектор портативный с bluetooth,проектор портативный с bluetooth,0,none
892,Одежда,худи розовое,худи розовое,0,none
893,Оргтехника,тонер совместимый cactus q2612a для мфу,тонер совместимый cactus q2612a для мфу,0,none
894,Оргтехника,ламинатро фромата a4 для офиса,ламинатор формата a4 для офиса,1,swap_chars+swap_chars
895,Одежда,пальто женское,пальто женское,0,none
896,Оргтехника,шредер офисный brauberg,шредер офисный brauberg,0,none
897,Одежда,шапка етская,шапка детская,1,delete_char
898,Одежда,пиджак детский легкий черный zarina,пиджак детский легкий черный zarina,0,none
899,Оргтехника,ламинадор офесный,ламинатор офисный,1,manual_common+keyboard_neighbor
900,Шины,зиmние автошины 215/60 r16,зимние автошины 215/60 r16,1,latin_mix
901,Оргтехника,веб камеар full hd hp,веб камера full hd hp,1,swap_chars
902,Одежда,джинсы детские для офиса,джинсы детские для офиса,0,none
903,Одежда,наски спортивные розовые,носки спортивные розовые,1,keyboard_neighbor
904,Оргтехника,проeктор с wifi benq,проектор с wifi benq,1,latin_mix
905,Одежда,ботин ки мужские,ботинки мужские,1,extra_space
906,Шины,автошины185/65 r15,автошины 185/65 r15,1,missing_space
907,Одежда,каpдиган мужской зимний белый размер l,кардиган мужской зимний белый размер l,1,latin_mix
908,Шины,нешипованные резина 205/55 r16 triangle,нешипованные резина 205/55 r16 triangle,0,none
909,Оргтехника,ламинатор формата a3 braube rg,ламинатор формата a3 brauberg,1,extra_space
910,Оргтехника,тонер совместимый cacctus,тонер совместимый cactus,1,double_char
911,Оргтехника,клавиатура беспроводная,клавиатура беспроводная,0,none
912,Оргтехника,принтер usb,принтер usb,0,none
913,Оргтехника,термопринтр настольный deli,термопринтер настольный deli,1,manual_common
914,Оргтехника,клавиатура тихая usb,клавиатура тихая usb,0,none
915,Одежда,кардиган mужскйo puma,кардиган мужской puma,1,swap_chars+latin_mix
916,Одежда,шапка офисная розовая размер xxl,шапка офисная розовая размер xxl,0,none
917,Оргтехника,плоттер цвтной hp для чертежей,плоттер цветной hp для чертежей,1,delete_char
918,Шины,липучка шины 185/65 r15 hankook на кроссовер,липучка шины 185/65 r15 hankook на кроссовер,0,none
919,Одежда,брюки бежевые uniqlo размер 48 для подростка,брюки бежевые uniqlo размер 48 для подростка,0,none
920,Одежда,шарф офисный для шкоолы,шарф офисный для школы,1,double_char
921,Одежда,шапка женская на каждыц день,шапка женская на каждый день,1,keyboard_neighbor
922,Одежда,рубашк,рубашка,1,delete_char
923,Шины,безкамерные шины 235/45 r18 91h,бескамерные шины 235/45 r18 91h,1,manual_common
924,Шины,всезезонные покрышки 205/55 r16 triangle,всесезонные покрышки 205/55 r16 triangle,1,keyboard_neighbor
925,Одежда,арф детский домашний арзмер 52 на зиму,шарф детский домашний размер 52 на зиму,1,swap_chars+delete_char
926,Оргтехника,сканнер,сканер,1,manual_common
927,Одежда,кроссовки женские офисные fila азмер s,кроссовки женские офисные fila размер s,1,delete_char
928,Одежда,пуховик детский demixразмер xxl,пуховик детский demix размер xxl,1,missing_space
929,Шины,камплект шин 225/45 r17 viatti,комплект шин 225/45 r17 viatti,1,keyboard_neighbor
930,Оргтехника,копир формаtа a4,копир формата a4,1,latin_mix
931,Оргтехника,прнитер этикеток термотрансферный,принтер этикеток термотрансферный,1,swap_chars
932,Оргтехника,принтер этикетак,принтер этикеток,1,manual_common
933,Оргтехника,монитар aoc,монитор aoc,1,keyboard_neighbor
934,Оргтехника,ламинатор горячиц,ламинатор горячий,1,keyboard_neighbor
935,Одежда,сандалии мужские теплые,сандалии мужские теплые,0,none
936,Шины,комплект шин всесезонные 235/55 r19 на ниву,комплект шин всесезонные 235/55 r19 на ниву,0,none
937,Шины,компелкт шин легковые 215/55 r17,комплект шин легковые 215/55 r17,1,swap_chars
938,Шины,шины 235/45 r18 pirelli на гранту,шины 235/45 r18 pirelli на гранту,0,none
939,Одежда,пухофик детский oodji рaзмер 50,пуховик детский oodji размер 50,1,keyboard_neighbor+latin_mix
940,Одежда,пальто uniqlo на каждый день,пальто uniqlo на каждый день,0,none
941,Оргтехника,термопринтерrongta,термопринтер rongta,1,missing_space
942,Шины,всесезоннные покрышки 225/55 r18 99v на солярис,всесезонные покрышки 225/55 r18 99v на солярис,1,double_char
943,Шины,комплект шин 215/55 r17 matador на гранту,комплект шин 215/55 r17 matador на гранту,0,none
944,Шины,покршыки 205/60 r16,покрышки 205/60 r16,1,swap_chars
945,Оргтехника,тeрмопринтeр портативный,термопринтер портативный,1,latin_mix
946,Шины,комплект шин всесезонные 245/45 r18 triangle 95t,комплект шин всесезонные 245/45 r18 triangle 95t,0,none
947,Одежда,леггинсы женские домашние гол убые на осень,леггинсы женские домашние голубые на осень,1,extra_space
948,Шины,runflat шины 235/55 р19 matador,runflat шины 235/55 r19 matador,1,tire_size_format
949,Шины,вессезонные покрышки 215/60 r16 triangle,всесезонные покрышки 215/60 r16 triangle,1,swap_chars
950,Шины,комплект шин runflat 265/65r17,комплект шин runflat 265/65 r17,1,tire_size_format
951,Шины,зимние резина 255/55 r18 goodyear,зимние резина 255/55 r18 goodyear,0,none
952,Оргтехника,монитор acerдлч офиса,монитор acer для офиса,1,keyboard_neighbor+missing_space
953,Оргтехника,плоттер широкоформатный для чертежей,плоттер широкоформатный для чертежей,0,none
954,Одежда,топ женский домаш ний uniqlo расмер xxl,топ женский домашний uniqlo размер xxl,1,keyboard_neighbor+extra_space
955,Шины,комплект шин шипованные 225/50 r17 pirellli,комплект шин шипованные 225/50 r17 pirelli,1,double_char
956,Шины,шипованные автошины 195 65 r15,шипованные автошины 195/65 r15,1,tire_size_format
957,Шины,кмоплект шин,комплект шин,1,swap_chars
958,Шины,резина 205/55 r16 тихие,резина 205/55 r16 тихие,0,none
959,Одежда,кеды деские befree,кеды детские befree,1,delete_char
960,Одежда,пуховик детский коричневый nike на каждый день,пуховик детский коричневый nike на каждый день,0,none
961,Шины,бескамерные резина 245/45 r18 kumho,бескамерные резина 245/45 r18 kumho,0,none
962,Оргтехника,мфу цветное m6550,мфу цветное m6550,0,none
963,Одежда,толстовка женская зеленая,толстовка женская зеленая,0,none
964,Шины,авотшины 185/65 r15,автошины 185/65 r15,1,swap_chars
965,Шины,автошины 265 65 r17,автошины 265/65 r17,1,tire_size_format
966,Оргтехника,лкавиатура dell usb,клавиатура dell usb,1,swap_chars
967,Одежда,пуховик размер 42 для школ,пуховик размер 42 для школы,1,delete_char
968,Шины,бескамерные покрышки 255/55 r18,бескамерные покрышки 255/55 r18,0,none
969,Одежда,брюки женские коричневые,брюки женские коричневые,0,none
970,Одежда,сандалии мужские oo dji,сандалии мужские oodji,1,extra_space
971,Одежда,шапка мужская школьная белая на осень,шапка мужская школьная белая на осень,0,none
972,Одежда,носки размер 46 на зиму,носки размер 46 на зиму,0,none
973,Одежда,пальто детское базовое размер 48,пальто детское базовое размер 48,0,none
974,Одежда,худи женcкое для подростка,худи женское для подростка,1,latin_mix
975,Оргтехника,проектор full hd с bluetooth,проектор full hd с bluetooth,0,none
976,Одежда,джинсы детские баззовые серые columbia pазмер 48 для офиса,джинсы детские базовые серые columbia размер 48 для офиса,1,double_char+latin_mix
977,Оргтехника,веб камера с ммикрофоном hp,веб камера с микрофоном hp,1,double_char
978,Оргтехника,ламниатор формата a3 brauberg,ламинатор формата a3 brauberg,1,swap_chars
979,Оргтехника,клавиатура прводная,клавиатура проводная,1,delete_char
980,Оргтехника,картриджструйный epson с чипом,картридж струйный epson с чипом,1,missing_space
981,Шины,для внедорожника покрышки,для внедорожника покрышки,0,none
982,Оргтехника,принtер офисный kyocera,принтер офисный kyocera,1,latin_mix
983,Оргтехника,фотобарабан оригинальный brother,фотобарабан оригинальный brother,0,none
984,Одежда,толстовка мужская домашняя черная размер 42,толстовка мужская домашняя черная размер 42,0,none
985,Оргтехника,мфу лазерное,мфу лазерное,0,none
986,Шины,шины 255/55 r18 на кроссовер,шины 255/55 r18 на кроссовер,0,none
987,Одежда,пуховик женский зеленый zarina размер xl длябега,пуховик женский зеленый zarina размер xl для бега,1,missing_space
988,Оргтехника,принтер этикеток настольный rongta для вайлдберриз,принтер этикеток настольный rongta для вайлдберриз,0,none
989,Оргтехника,принтер цветной,принтер цветной,0,none
990,Шины,runflat резина215/60 r16,runflat резина 215/60 r16,1,missing_space
991,Шины,нешипованнные покрышки 245/45 r18 triangle,нешипованные покрышки 245/45 r18 triangle,1,double_char
992,Шины,комплект шин зимнии 195/65 r15 viatti недорогие,комплект шин зимние 195/65 r15 viatti недорогие,1,manual_common
993,Оргтехника,монтиор acer с hhdmi,монитор acer с hdmi,1,swap_chars+double_char
994,Шины,бескамерные рез ина 195/65 r15 tigar,бескамерные резина 195/65 r15 tigar,1,extra_space
995,Шины,легковые pезина 175 65 r14 triangle,легковые резина 175/65 r14 triangle,1,tire_size_format+latin_mix
996,Одежда,сандалии детские теплые синие размер 48 на каждый день,сандалии детские теплые синие размер 48 на каждый день,0,none
997,Одежда,св итер детский розовый размер xs для школы,свитер детский розовый размер xs для школы,1,extra_space
998,Шины,runflat автошины 225/50 r17 bridgestone на камри,runflat автошины 225/50 r17 bridgestone на камри,0,none
999,Оргтехника,тонер оригинальный hp для принтера,тонер оригинальный hp для принтера,0,none
1000,Одежда,кардиган белый рамзер 50 для тренировок,кардиган белый размер 50 для тренировок,1,swap_chars
